H&M_Image_ID,H&M_IMG
3ebb4ea2-23b1-4880-ae90-075fe22c40ba,https://lp2.hm.com/hmgoepprod?set=quality%5B79%5D%2Csource%5B%2F05%2Ffb%2F05fb7e5f7f40278523ad7a424cef90d0f4a80b37.jpg%5D%2Corigin%5Bdam%5D%2Ccategory%5B%5D%2Ctype%5BLOOKBOOK%5D%2Cres%5Bm%5D%2Chmver%5B1%5D&call=url[file:/product/main]
8c9be397-d301-4d4e-a123-97b1cd9e11c9,https://lp2.hm.com/hmgoepprod?set=quality%5B79%5D%2Csource%5B%2F40%2F48%2F40482e71b768f11064a33e980faa004525679587.jpg%5D%2Corigin%5Bdam%5D%2Ccategory%5B%5D%2Ctype%5BLOOKBOOK%5D%2Cres%5Bm%5D%2Chmver%5B1%5D&call=url[file:/product/main]
00687efd-b2da-44ce-8208-b534b8e7a3cb,https://lp2.hm.com/hmgoepprod?set=quality%5B79%5D%2Csource%5B%2F62%2F9b%2F629b4e8939d06f8f115bf13a308003cefeae900c.jpg%5D%2Corigin%5Bdam%5D%2Ccategory%5B%5D%2Ctype%5BLOOKBOOK%5D%2Cres%5Bm%5D%2Chmver%5B1%5D&call=url[file:/product/main]
47572a78-353b-4594-9af4-134a6e74c34b,https://lp2.hm.com/hmgoepprod?set=quality%5B79%5D%2Csource%5B%2Fec%2F67%2Fec67213eee7b39e94de5260de4a675de8772e388.jpg%5D%2Corigin%5Bdam%5D%2Ccategory%5B%5D%2Ctype%5BLOOKBOOK%5D%2Cres%5Bm%5D%2Chmver%5B1%5D&call=url[file:/product/main]
ddb5e547-da26-4955-8634-2c3e930666b9,https://lp2.hm.com/hmgoepprod?set=quality%5B79%5D%2Csource%5B%2F28%2F85%2F28858ea0faecd108b3d200dc8fe59f141433a10a.jpg%5D%2Corigin%5Bdam%5D%2Ccategory%5B%5D%2Ctype%5BLOOKBOOK%5D%2Cres%5Bm%5D%2Chmver%5B1%5D&call=url[file:/product/main]
07425437-ec31-4faf-b1a1-dcd1a2789a9b,https://lp2.hm.com/hmgoepprod?set=quality%5B79%5D%2Csource%5B%2F14%2Fa9%2F14a9b2766d18e934f43d4dd686ddb3e49d7ead5e.jpg%5D%2Corigin%5Bdam%5D%2Ccategory%5B%5D%2Ctype%5BLOOKBOOK%5D%2Cres%5Bm%5D%2Chmver%5B1%5D&call=url[file:/product/main]
64cd2ab8-d73d-48b4-b3d4-456abd401de7,https://lp2.hm.com/hmgoepprod?set=quality%5B79%5D%2Csource%5B%2F98%2Fe9%2F98e99e2809c7e1e1a3edc3f6f98d7d3c4e54d386.jpg%5D%2Corigin%5Bdam%5D%2Ccategory%5B%5D%2Ctype%5BLOOKBOOK%5D%2Cres%5Bm%5D%2Chmver%5B1%5D&call=url[file:/product/main]
487809f4-9bab-44fe-b91b-3eb33dffce30,https://lp2.hm.com/hmgoepprod?set=quality%5B79%5D%2Csource%5B%2Fc3%2Fd6%2Fc3d688aa88c2fca8b6e19b9c8ef8e6b6aa931eba.jpg%5D%2Corigin%5Bdam%5D%2Ccategory%5B%5D%2Ctype%5BLOOKBOOK%5D%2Cres%5Bm%5D%2Chmver%5B1%5D&call=url[file:/product/main]
1a183c91-6ea7-4ed0-8de1-a84ceaf913f1,https://lp2.hm.com/hmgoepprod?set=quality%5B79%5D%2Csource%5B%2Fbc%2F63%2Fbc63bad34fe5f8f2c83b85508734c64c99ea3937.jpg%5D%2Corigin%5Bdam%5D%2Ccategory%5B%5D%2Ctype%5BLOOKBOOK%5D%2Cres%5Bm%5D%2Chmver%5B1%5D&call=url[file:/product/main]
ba8645e3-3045-4013-afaf-f96f84e54119,https://lp2.hm.com/hmgoepprod?set=quality%5B79%5D%2Csource%5B%2Fdd%2Fb8%2Fddb8d79360fb5a2d8916f2681a59f41842d82204.jpg%5D%2Corigin%5Bdam%5D%2Ccategory%5B%5D%2Ctype%5BLOOKBOOK%5D%2Cres%5Bm%5D%2Chmver%5B1%5D&call=url[file:/product/main]
0c84ede6-db27-49b0-8c6f-7b346a3bafa2,https://lp2.hm.com/hmgoepprod?set=quality%5B79%5D%2Csource%5B%2F8b%2Fc1%2F8bc151f009d0b82882a844516611c0e0da20db21.jpg%5D%2Corigin%5Bdam%5D%2Ccategory%5B%5D%2Ctype%5BLOOKBOOK%5D%2Cres%5Bm%5D%2Chmver%5B1%5D&call=url[file:/product/main]
eb8c5932-8a31-4357-abd6-97436f8acdaf,https://lp2.hm.com/hmgoepprod?set=quality%5B79%5D%2Csource%5B%2F89%2F6d%2F896dd97ce2f9563e3ef2f539b4a1d64e49302d82.jpg%5D%2Corigin%5Bdam%5D%2Ccategory%5B%5D%2Ctype%5BLOOKBOOK%5D%2Cres%5Bm%5D%2Chmver%5B1%5D&call=url[file:/product/main]
f94e9388-bdf6-48b0-ab16-351f54fec306,https://lp2.hm.com/hmgoepprod?set=quality%5B79%5D%2Csource%5B%2F0b%2F68%2F0b686656d8b0c88062468e375d3cfe9bc316a415.jpg%5D%2Corigin%5Bdam%5D%2Ccategory%5B%5D%2Ctype%5BLOOKBOOK%5D%2Cres%5Bm%5D%2Chmver%5B1%5D&call=url[file:/product/main]
208fe4d2-def8-42e0-a34e-4d354ba14e6c,https://lp2.hm.com/hmgoepprod?set=quality%5B79%5D%2Csource%5B%2Ffc%2Fd1%2Ffcd1b834ec98821caa5f744ff15015a6f3a38cac.jpg%5D%2Corigin%5Bdam%5D%2Ccategory%5B%5D%2Ctype%5BLOOKBOOK%5D%2Cres%5Bm%5D%2Chmver%5B1%5D&call=url[file:/product/main]
fa640a0e-5a54-4ad0-a8be-aa1421344220,https://lp2.hm.com/hmgoepprod?set=quality%5B79%5D%2Csource%5B%2Fda%2F80%2Fda80bbc5d1b1bb9b69940f8dfdaf146f07c6dde0.jpg%5D%2Corigin%5Bdam%5D%2Ccategory%5B%5D%2Ctype%5BLOOKBOOK%5D%2Cres%5Bm%5D%2Chmver%5B1%5D&call=url[file:/product/main]
9d536f2c-6d68-41ba-a2c2-6fd8472aa4f3,https://lp2.hm.com/hmgoepprod?set=quality%5B79%5D%2Csource%5B%2F05%2F86%2F0586e8a824d5f24aaa417f1f5943e2e7e3adc247.jpg%5D%2Corigin%5Bdam%5D%2Ccategory%5B%5D%2Ctype%5BLOOKBOOK%5D%2Cres%5Bm%5D%2Chmver%5B1%5D&call=url[file:/product/main]
e27e76b9-e15c-47aa-b755-6ff7601eb631,https://lp2.hm.com/hmgoepprod?set=quality%5B79%5D%2Csource%5B%2Fe0%2F69%2Fe069a4202831f9fd3a5ae7490ecdd140a2b59956.jpg%5D%2Corigin%5Bdam%5D%2Ccategory%5B%5D%2Ctype%5BLOOKBOOK%5D%2Cres%5Bm%5D%2Chmver%5B1%5D&call=url[file:/product/main]
19540653-23aa-4b17-8861-d33dfc5c08eb,https://lp2.hm.com/hmgoepprod?set=quality%5B79%5D%2Csource%5B%2F33%2Fdd%2F33dd0310bac2f543f21360f91761c557c19069b7.jpg%5D%2Corigin%5Bdam%5D%2Ccategory%5B%5D%2Ctype%5BLOOKBOOK%5D%2Cres%5Bm%5D%2Chmver%5B1%5D&call=url[file:/product/main]
4eb69170-faef-4ad9-b607-bbec05f63f38,https://lp2.hm.com/hmgoepprod?set=quality%5B79%5D%2Csource%5B%2F10%2Fbd%2F10bda38d036ab7e9a29170f218a5500d84bf4627.jpg%5D%2Corigin%5Bdam%5D%2Ccategory%5B%5D%2Ctype%5BLOOKBOOK%5D%2Cres%5Bm%5D%2Chmver%5B1%5D&call=url[file:/product/main]
f502cd2b-cc53-4bb9-bade-22afff69b301,https://lp2.hm.com/hmgoepprod?set=quality%5B79%5D%2Csource%5B%2F4a%2Fc5%2F4ac5118b3d6ce69ce2825e938b261b53afd5e648.jpg%5D%2Corigin%5Bdam%5D%2Ccategory%5B%5D%2Ctype%5BLOOKBOOK%5D%2Cres%5Bm%5D%2Chmver%5B1%5D&call=url[file:/product/main]
b31f0d12-cbb5-41d2-8729-bb7a3b3263b3,https://lp2.hm.com/hmgoepprod?set=quality%5B79%5D%2Csource%5B%2Fcb%2F6f%2Fcb6f04c7e38fdeeba1586dd801390eda7442db15.jpg%5D%2Corigin%5Bdam%5D%2Ccategory%5B%5D%2Ctype%5BLOOKBOOK%5D%2Cres%5Bm%5D%2Chmver%5B1%5D&call=url[file:/product/main]
148f4094-f62b-46ce-9e02-bc078d8c13aa,https://lp2.hm.com/hmgoepprod?set=quality%5B79%5D%2Csource%5B%2F11%2F09%2F1109cde82c7cda7a2fd6ba1f4745e88c908d066c.jpg%5D%2Corigin%5Bdam%5D%2Ccategory%5B%5D%2Ctype%5BLOOKBOOK%5D%2Cres%5Bm%5D%2Chmver%5B1%5D&call=url[file:/product/main]
abae956d-f036-481d-99c4-94c58cd0e6cb,https://lp2.hm.com/hmgoepprod?set=quality%5B79%5D%2Csource%5B%2F83%2F4d%2F834d3d3fe5f6e9a7af91072f4c8ba1f27af1308d.jpg%5D%2Corigin%5Bdam%5D%2Ccategory%5B%5D%2Ctype%5BLOOKBOOK%5D%2Cres%5Bm%5D%2Chmver%5B1%5D&call=url[file:/product/main]
6b2b9996-7f88-4461-84bc-2017a38ef3a8,https://lp2.hm.com/hmgoepprod?set=quality%5B79%5D%2Csource%5B%2Fed%2F60%2Fed60026db4b0e1c8d448c5e5342cbb02a6ef8726.jpg%5D%2Corigin%5Bdam%5D%2Ccategory%5B%5D%2Ctype%5BLOOKBOOK%5D%2Cres%5Bm%5D%2Chmver%5B1%5D&call=url[file:/product/main]
2d9bbdd2-a5df-4921-8687-0ce6701f2bea,https://lp2.hm.com/hmgoepprod?set=quality%5B79%5D%2Csource%5B%2Fd7%2Fbd%2Fd7bdfa7c5d6440590366fc2fe8341f6f3df0d08c.jpg%5D%2Corigin%5Bdam%5D%2Ccategory%5B%5D%2Ctype%5BLOOKBOOK%5D%2Cres%5Bm%5D%2Chmver%5B1%5D&call=url[file:/product/main]
fe0f3bf8-6e0a-430a-b075-23eee1ab8e6c,https://lp2.hm.com/hmgoepprod?set=quality%5B79%5D%2Csource%5B%2F11%2F52%2F1152006ad508578202da23248f7eadbc5d6bdf94.jpg%5D%2Corigin%5Bdam%5D%2Ccategory%5B%5D%2Ctype%5BLOOKBOOK%5D%2Cres%5Bm%5D%2Chmver%5B1%5D&call=url[file:/product/main]
644f3c95-6f53-44d6-b8c9-acc78e3ac766,https://lp2.hm.com/hmgoepprod?set=quality%5B79%5D%2Csource%5B%2Fc1%2F74%2Fc1749a5fc2013d6de9dc4c5217cd1a2b7c3f9186.jpg%5D%2Corigin%5Bdam%5D%2Ccategory%5B%5D%2Ctype%5BLOOKBOOK%5D%2Cres%5Bm%5D%2Chmver%5B1%5D&call=url[file:/product/main]
fe9d79f5-8e01-40df-bb0f-50ee298d0c91,https://lp2.hm.com/hmgoepprod?set=quality%5B79%5D%2Csource%5B%2F59%2F7c%2F597c70ef712ef86389e78e3d55785c60b81516ca.jpg%5D%2Corigin%5Bdam%5D%2Ccategory%5B%5D%2Ctype%5BLOOKBOOK%5D%2Cres%5Bm%5D%2Chmver%5B1%5D&call=url[file:/product/main]
87169314-7a09-4b29-8551-c6c7be4286cf,https://lp2.hm.com/hmgoepprod?set=quality%5B79%5D%2Csource%5B%2F40%2F97%2F40977e516f8b91079318825df532cc1964566779.jpg%5D%2Corigin%5Bdam%5D%2Ccategory%5B%5D%2Ctype%5BLOOKBOOK%5D%2Cres%5Bm%5D%2Chmver%5B1%5D&call=url[file:/product/main]
e619d75d-398b-415a-b2db-098ee5eeac05,https://lp2.hm.com/hmgoepprod?set=quality%5B79%5D%2Csource%5B%2F2d%2F65%2F2d65f4bf7f46738920007dca9644b344d08257c5.jpg%5D%2Corigin%5Bdam%5D%2Ccategory%5B%5D%2Ctype%5BLOOKBOOK%5D%2Cres%5Bm%5D%2Chmver%5B1%5D&call=url[file:/product/main]
2f206027-0c03-4775-ad1b-315893b46375,https://lp2.hm.com/hmgoepprod?set=quality%5B79%5D%2Csource%5B%2F3f%2Faa%2F3faad2e309550e1a809c0e008d6e4977327f9ca5.jpg%5D%2Corigin%5Bdam%5D%2Ccategory%5B%5D%2Ctype%5BLOOKBOOK%5D%2Cres%5Bm%5D%2Chmver%5B1%5D&call=url[file:/product/main]
9438a6f4-439d-4fb0-9a7a-4091ea522057,https://lp2.hm.com/hmgoepprod?set=quality%5B79%5D%2Csource%5B%2F98%2Feb%2F98eb7f1a7c97717394e37565abde847a382c2bf8.jpg%5D%2Corigin%5Bdam%5D%2Ccategory%5B%5D%2Ctype%5BLOOKBOOK%5D%2Cres%5Bm%5D%2Chmver%5B1%5D&call=url[file:/product/main]
df3dabc7-f6ed-4d67-9b23-2ddfbb76fb10,https://lp2.hm.com/hmgoepprod?set=quality%5B79%5D%2Csource%5B%2Fdb%2Fbe%2Fdbbef59877d3f8abbade01f8fe82ac6ed300bbbf.jpg%5D%2Corigin%5Bdam%5D%2Ccategory%5B%5D%2Ctype%5BLOOKBOOK%5D%2Cres%5Bm%5D%2Chmver%5B1%5D&call=url[file:/product/main]
beed525f-b1af-44ae-9d94-3e9ab17d61c8,https://lp2.hm.com/hmgoepprod?set=quality%5B79%5D%2Csource%5B%2F6e%2F68%2F6e683a2055689f202e3d2803664370ee22c1896b.jpg%5D%2Corigin%5Bdam%5D%2Ccategory%5Bmen_hoodiessweatshirts_hoodies%5D%2Ctype%5BLOOKBOOK%5D%2Cres%5Bm%5D%2Chmver%5B1%5D&call=url[file:/product/main]
092b1a42-5b12-49b0-b6a3-8505cb1e2c0e,https://lp2.hm.com/hmgoepprod?set=quality%5B79%5D%2Csource%5B%2F13%2F74%2F13741739640fe35d55bd81b41bd4839ea13bf6e8.jpg%5D%2Corigin%5Bdam%5D%2Ccategory%5B%5D%2Ctype%5BLOOKBOOK%5D%2Cres%5Bm%5D%2Chmver%5B1%5D&call=url[file:/product/main]
06c3d05f-2875-441b-ae30-bbed9ab685c9,https://lp2.hm.com/hmgoepprod?set=quality%5B79%5D%2Csource%5B%2F79%2Fc3%2F79c3979ff08c8e7d657bac454f119270a1dd7908.jpg%5D%2Corigin%5Bdam%5D%2Ccategory%5B%5D%2Ctype%5BLOOKBOOK%5D%2Cres%5Bm%5D%2Chmver%5B1%5D&call=url[file:/product/main]
6e59b9d5-94c5-4d35-b496-2e0850d123fc,https://lp2.hm.com/hmgoepprod?set=quality%5B79%5D%2Csource%5B%2Fbe%2F9c%2Fbe9c673d83c3b4840062f81be0a38a0f56dfd142.jpg%5D%2Corigin%5Bdam%5D%2Ccategory%5B%5D%2Ctype%5BLOOKBOOK%5D%2Cres%5Bm%5D%2Chmver%5B1%5D&call=url[file:/product/main]
53d99f0e-abd2-495d-8772-f402c07efd66,https://lp2.hm.com/hmgoepprod?set=quality%5B79%5D%2Csource%5B%2F12%2Fc7%2F12c75520815ad7bcb0e0b12277c84a684bb7bc2c.jpg%5D%2Corigin%5Bdam%5D%2Ccategory%5B%5D%2Ctype%5BLOOKBOOK%5D%2Cres%5Bm%5D%2Chmver%5B1%5D&call=url[file:/product/main]
df5e2f5f-2f08-4d36-a3af-52d52f86e39f,https://lp2.hm.com/hmgoepprod?set=quality%5B79%5D%2Csource%5B%2Fe4%2Fca%2Fe4cab543414e048ee9874d81ea8e5d44f23bc3e7.jpg%5D%2Corigin%5Bdam%5D%2Ccategory%5B%5D%2Ctype%5BLOOKBOOK%5D%2Cres%5Bm%5D%2Chmver%5B1%5D&call=url[file:/product/main]
6effce6a-a98d-49ab-822f-7b0df99a570b,https://lp2.hm.com/hmgoepprod?set=quality%5B79%5D%2Csource%5B%2F58%2Fc0%2F58c0965f9c1e48de2c5e98e48762880965d0395b.jpg%5D%2Corigin%5Bdam%5D%2Ccategory%5B%5D%2Ctype%5BLOOKBOOK%5D%2Cres%5Bm%5D%2Chmver%5B1%5D&call=url[file:/product/main]
5b174213-c7d4-4cc8-8b9f-91679dd40b1b,https://lp2.hm.com/hmgoepprod?set=quality%5B79%5D%2Csource%5B%2Fd5%2F35%2Fd535dd31d401915a9a6e79ee885dc0ff2cd8bbca.jpg%5D%2Corigin%5Bdam%5D%2Ccategory%5B%5D%2Ctype%5BLOOKBOOK%5D%2Cres%5Bm%5D%2Chmver%5B1%5D&call=url[file:/product/main]
cf83905c-9f9c-4844-8699-766d181e50c1,https://lp2.hm.com/hmgoepprod?set=quality%5B79%5D%2Csource%5B%2F6c%2F55%2F6c5581581dae65fd56e2bea0a8800832fd4a29eb.jpg%5D%2Corigin%5Bdam%5D%2Ccategory%5B%5D%2Ctype%5BLOOKBOOK%5D%2Cres%5Bm%5D%2Chmver%5B1%5D&call=url[file:/product/main]
6e6ce009-c3e2-4572-b044-1ad4a4b2cadb,https://lp2.hm.com/hmgoepprod?set=quality%5B79%5D%2Csource%5B%2F56%2F2c%2F562cea663eb9b6e09542144ff7e5aa00be6468cf.jpg%5D%2Corigin%5Bdam%5D%2Ccategory%5B%5D%2Ctype%5BLOOKBOOK%5D%2Cres%5Bm%5D%2Chmver%5B1%5D&call=url[file:/product/main]
6f6c0f49-3608-45b0-99dd-6e04c5dbc674,https://lp2.hm.com/hmgoepprod?set=quality%5B79%5D%2Csource%5B%2F6c%2F00%2F6c0075cecf1f0a6061ff5f7a22a3a007b86e1522.jpg%5D%2Corigin%5Bdam%5D%2Ccategory%5Bmen_hoodiessweatshirts_sweatshirts%5D%2Ctype%5BDESCRIPTIVESTILLLIFE%5D%2Cres%5Bm%5D%2Chmver%5B2%5D&call=url[file:/product/main]
32224065-4501-423d-a2cf-f32a677625ff,https://lp2.hm.com/hmgoepprod?set=quality%5B79%5D%2Csource%5B%2Fe7%2Fc3%2Fe7c38d7e69222c38a8170e8df3b6162e55c131c7.jpg%5D%2Corigin%5Bdam%5D%2Ccategory%5B%5D%2Ctype%5BLOOKBOOK%5D%2Cres%5Bm%5D%2Chmver%5B1%5D&call=url[file:/product/main]
5613801d-6e4e-41ff-a508-472ddcbe62f9,https://lp2.hm.com/hmgoepprod?set=quality%5B79%5D%2Csource%5B%2F29%2Ffc%2F29fcb7493bcfa90fbdf1b20efe47f94433cd23fb.jpg%5D%2Corigin%5Bdam%5D%2Ccategory%5B%5D%2Ctype%5BLOOKBOOK%5D%2Cres%5Bm%5D%2Chmver%5B2%5D&call=url[file:/product/main]
917f28ab-428d-4cc7-92e5-41ff4cc764f9,https://lp2.hm.com/hmgoepprod?set=quality%5B79%5D%2Csource%5B%2F24%2Ff5%2F24f52f823c42c950e4953b7dd48b69087ec353f4.jpg%5D%2Corigin%5Bdam%5D%2Ccategory%5B%5D%2Ctype%5BLOOKBOOK%5D%2Cres%5Bm%5D%2Chmver%5B1%5D&call=url[file:/product/main]
182f08cf-a1cb-4acb-9119-776caf4e62aa,https://lp2.hm.com/hmgoepprod?set=quality%5B79%5D%2Csource%5B%2F24%2F85%2F24853c8ff960d1d59f5217e8b3fab73a58a52191.jpg%5D%2Corigin%5Bdam%5D%2Ccategory%5B%5D%2Ctype%5BLOOKBOOK%5D%2Cres%5Bm%5D%2Chmver%5B1%5D&call=url[file:/product/main]
4c066ca8-c7cb-4cfc-9e87-93dfd4917aed,https://lp2.hm.com/hmgoepprod?set=quality%5B79%5D%2Csource%5B%2Fd1%2F2d%2Fd12d827e9968e28992914d14c211490f9b7bb83f.jpg%5D%2Corigin%5Bdam%5D%2Ccategory%5B%5D%2Ctype%5BLOOKBOOK%5D%2Cres%5Bm%5D%2Chmver%5B1%5D&call=url[file:/product/main]
57df4fb2-8a41-461f-8883-6ae9727b29ec,https://lp2.hm.com/hmgoepprod?set=quality%5B79%5D%2Csource%5B%2Fa6%2F1c%2Fa61c430f143b42669591675ea81064131a55ac20.jpg%5D%2Corigin%5Bdam%5D%2Ccategory%5B%5D%2Ctype%5BLOOKBOOK%5D%2Cres%5Bm%5D%2Chmver%5B1%5D&call=url[file:/product/main]
16ea3023-9691-4035-b086-8fb21ad97ce5,https://lp2.hm.com/hmgoepprod?set=quality%5B79%5D%2Csource%5B%2Fcd%2F61%2Fcd61ce498dda0629b74aa6e7090f4a7940dd270a.jpg%5D%2Corigin%5Bdam%5D%2Ccategory%5B%5D%2Ctype%5BLOOKBOOK%5D%2Cres%5Bm%5D%2Chmver%5B1%5D&call=url[file:/product/main]
2fb15d90-963a-4723-ac35-30770f38c23e,https://lp2.hm.com/hmgoepprod?set=quality%5B79%5D%2Csource%5B%2Fd4%2F3f%2Fd43fff7b53dff5e5405814a6cdc0149803a48a3e.jpg%5D%2Corigin%5Bdam%5D%2Ccategory%5B%5D%2Ctype%5BLOOKBOOK%5D%2Cres%5Bm%5D%2Chmver%5B1%5D&call=url[file:/product/main]
70cfad14-5dde-41e2-b064-aa3b8a773ccb,https://lp2.hm.com/hmgoepprod?set=quality%5B79%5D%2Csource%5B%2Fab%2F2c%2Fab2c6538f84cf36619d85345f34728af7cbde21e.jpg%5D%2Corigin%5Bdam%5D%2Ccategory%5B%5D%2Ctype%5BLOOKBOOK%5D%2Cres%5Bm%5D%2Chmver%5B1%5D&call=url[file:/product/main]
09f5cb2b-681d-4a75-9af8-41b0c3b40993,https://lp2.hm.com/hmgoepprod?set=quality%5B79%5D%2Csource%5B%2Ffc%2F80%2Ffc80bb47f5eb1b882b52fd709882c691b0f1f581.jpg%5D%2Corigin%5Bdam%5D%2Ccategory%5B%5D%2Ctype%5BLOOKBOOK%5D%2Cres%5Bm%5D%2Chmver%5B1%5D&call=url[file:/product/main]
ceb2158d-cd30-4fd7-8424-35011cc99cfc,https://lp2.hm.com/hmgoepprod?set=quality%5B79%5D%2Csource%5B%2Fcd%2F5a%2Fcd5adba45e77c845a39e7b38fe5ce8ef485f0692.jpg%5D%2Corigin%5Bdam%5D%2Ccategory%5B%5D%2Ctype%5BDESCRIPTIVESTILLLIFE%5D%2Cres%5Bm%5D%2Chmver%5B3%5D&call=url[file:/product/main]
d06fe132-c62e-4b8f-b9b2-449bae4635b0,https://lp2.hm.com/hmgoepprod?set=quality%5B79%5D%2Csource%5B%2Ff5%2F79%2Ff57982c39b4842f63046a6d92322d50efa3186dd.jpg%5D%2Corigin%5Bdam%5D%2Ccategory%5Bmen_hoodiessweatshirts_hoodies%5D%2Ctype%5BLOOKBOOK%5D%2Cres%5Bm%5D%2Chmver%5B1%5D&call=url[file:/product/main]
7f4ab4f0-5aa6-43a8-8ebd-3c81e09e1287,https://lp2.hm.com/hmgoepprod?set=quality%5B79%5D%2Csource%5B%2F6a%2Ff0%2F6af03854e49a7cec3233d169134e8057047d8362.jpg%5D%2Corigin%5Bdam%5D%2Ccategory%5B%5D%2Ctype%5BLOOKBOOK%5D%2Cres%5Bm%5D%2Chmver%5B1%5D&call=url[file:/product/main]
6a0adeac-b23f-4aca-86d4-117645e3a496,https://lp2.hm.com/hmgoepprod?set=quality%5B79%5D%2Csource%5B%2F77%2F46%2F7746921f6b3af28793d9f47f65e6872ca7c9422c.jpg%5D%2Corigin%5Bdam%5D%2Ccategory%5B%5D%2Ctype%5BLOOKBOOK%5D%2Cres%5Bm%5D%2Chmver%5B1%5D&call=url[file:/product/main]
1b4d07e4-00a9-4b84-9941-b8002e849745,https://lp2.hm.com/hmgoepprod?set=quality%5B79%5D%2Csource%5B%2Fda%2F7c%2Fda7c4f5368e9ba1cb7f9786337aa7aa72eb6d724.jpg%5D%2Corigin%5Bdam%5D%2Ccategory%5B%5D%2Ctype%5BLOOKBOOK%5D%2Cres%5Bm%5D%2Chmver%5B1%5D&call=url[file:/product/main]
ae8369fa-a540-4049-bfc1-947233bd12de,https://lp2.hm.com/hmgoepprod?set=quality%5B79%5D%2Csource%5B%2Fe6%2F6d%2Fe66d57b2515472eaa9fc043acda189e53f0cbca3.jpg%5D%2Corigin%5Bdam%5D%2Ccategory%5B%5D%2Ctype%5BLOOKBOOK%5D%2Cres%5Bm%5D%2Chmver%5B1%5D&call=url[file:/product/main]
e1ac9264-9cb1-41a5-a81e-f245ca57e2ac,https://lp2.hm.com/hmgoepprod?set=quality%5B79%5D%2Csource%5B%2F7c%2F09%2F7c09d6cbf8be4d4f0db85f720d82ec3408bf272d.jpg%5D%2Corigin%5Bdam%5D%2Ccategory%5B%5D%2Ctype%5BLOOKBOOK%5D%2Cres%5Bm%5D%2Chmver%5B1%5D&call=url[file:/product/main]
0f66f3aa-fe72-420d-88a6-1ca5428e0114,https://lp2.hm.com/hmgoepprod?set=quality%5B79%5D%2Csource%5B%2F91%2F42%2F91423081bb8e3474e8486ece3859ad0ee4e6434f.jpg%5D%2Corigin%5Bdam%5D%2Ccategory%5B%5D%2Ctype%5BLOOKBOOK%5D%2Cres%5Bm%5D%2Chmver%5B1%5D&call=url[file:/product/main]
30814d3f-b914-42be-8e15-2863853a08dd,https://lp2.hm.com/hmgoepprod?set=quality%5B79%5D%2Csource%5B%2Fc0%2F8a%2Fc08ae5f606652e880babcb3aa5753ae888600b41.jpg%5D%2Corigin%5Bdam%5D%2Ccategory%5B%5D%2Ctype%5BLOOKBOOK%5D%2Cres%5Bm%5D%2Chmver%5B1%5D&call=url[file:/product/main]
e3341465-072b-4f78-a591-c1a10e9aded6,https://lp.weekday.com/app003prod?set=quality%5B79%5D%2Csource%5B%2Fe2%2F2e%2Fe22e0047e9d6031ab0504edf91f61f944e120af1.jpg%5D%2Corigin%5Bdam%5D%2Ccategory%5B%5D%2Ctype%5BDESCRIPTIVESTILLLIFE%5D%2Cres%5Bm%5D%2Chmver%5B4%5D%2Ctarget%5Bhm.com%5D&call=url[file:/product/main]
c00929e4-66f7-4236-a8b9-00ba301a9b35,https://lp2.hm.com/hmgoepprod?set=quality%5B79%5D%2Csource%5B%2Ff3%2Fdc%2Ff3dc43b66d354188c69f8c2f6fa8e9415e560a56.jpg%5D%2Corigin%5Bdam%5D%2Ccategory%5B%5D%2Ctype%5BLOOKBOOK%5D%2Cres%5Bm%5D%2Chmver%5B1%5D&call=url[file:/product/main]
76db0667-cec3-4688-86e2-ddf297b72b84,https://lp2.hm.com/hmgoepprod?set=quality%5B79%5D%2Csource%5B%2F4a%2F8c%2F4a8c6f1ab0ed1faaff64dbc6a237006b99bcf6b2.jpg%5D%2Corigin%5Bdam%5D%2Ccategory%5B%5D%2Ctype%5BLOOKBOOK%5D%2Cres%5Bm%5D%2Chmver%5B1%5D&call=url[file:/product/main]
733a1416-f545-4868-a4a0-56fb9ab61d14,https://lp.arket.com/app006prod?set=quality%5B79%5D%2Csource%5B%2F90%2Fc1%2F90c1405d7ed5383893f16c749ff746b9f503b7a8.jpg%5D%2Corigin%5Bdam%5D%2Ccategory%5B%5D%2Ctype%5BLOOKBOOK%5D%2Cres%5Bm%5D%2Chmver%5B1%5D%2Ctarget%5Bhm.com%5D&call=url[file:/product/main]
0bf52fdd-78c8-40d6-8691-bbdc518d7626,https://lp2.hm.com/hmgoepprod?set=quality%5B79%5D%2Csource%5B%2F85%2Fd2%2F85d202ad9dbe929cb61e58479c1297efc1786764.jpg%5D%2Corigin%5Bdam%5D%2Ccategory%5Bmen_hoodiessweatshirts_hoodies%5D%2Ctype%5BLOOKBOOK%5D%2Cres%5Bm%5D%2Chmver%5B1%5D&call=url[file:/product/main]
dd8b7e00-62b7-4c61-8685-65f75aa1b6f1,https://lp2.hm.com/hmgoepprod?set=quality%5B79%5D%2Csource%5B%2Fe5%2Ff7%2Fe5f7566c16941da57bf05a0e2e9ffb839416a0c6.jpg%5D%2Corigin%5Bdam%5D%2Ccategory%5B%5D%2Ctype%5BLOOKBOOK%5D%2Cres%5Bm%5D%2Chmver%5B2%5D&call=url[file:/product/main]
3958bc07-33b0-4704-be32-3532ad96528e,https://lp2.hm.com/hmgoepprod?set=quality%5B79%5D%2Csource%5B%2F6c%2Fb8%2F6cb8545a7857dc169ce7f1a498b1e02852cd5d58.jpg%5D%2Corigin%5Bdam%5D%2Ccategory%5B%5D%2Ctype%5BLOOKBOOK%5D%2Cres%5Bm%5D%2Chmver%5B1%5D&call=url[file:/product/main]
01e0d405-896b-46e5-8706-9f9fe7534f71,https://lp2.hm.com/hmgoepprod?set=quality%5B79%5D%2Csource%5B%2Fac%2F41%2Fac416218726238c437079579313f31942efd7d92.jpg%5D%2Corigin%5Bdam%5D%2Ccategory%5B%5D%2Ctype%5BLOOKBOOK%5D%2Cres%5Bm%5D%2Chmver%5B1%5D&call=url[file:/product/main]
4f8f9f32-110b-4383-b754-03b975b45e1b,https://lp2.hm.com/hmgoepprod?set=quality%5B79%5D%2Csource%5B%2Fcb%2F66%2Fcb66e917752b12f1150bfbf47c38ec2e21ceadc0.jpg%5D%2Corigin%5Bdam%5D%2Ccategory%5B%5D%2Ctype%5BLOOKBOOK%5D%2Cres%5Bm%5D%2Chmver%5B2%5D&call=url[file:/product/main]
6f3954d3-2ceb-464f-9d64-b91cb2294028,https://lp2.hm.com/hmgoepprod?set=quality%5B79%5D%2Csource%5B%2F49%2Fc3%2F49c3d18c77f37efe36d6a17adfd5a599e1153274.jpg%5D%2Corigin%5Bdam%5D%2Ccategory%5B%5D%2Ctype%5BLOOKBOOK%5D%2Cres%5Bm%5D%2Chmver%5B1%5D&call=url[file:/product/main]
e424ac4c-fde1-448d-9f79-3caa54dd30fe,https://lp2.hm.com/hmgoepprod?set=quality%5B79%5D%2Csource%5B%2F63%2Fc2%2F63c2f19108e226e4ff67481812906cdbea64c36c.jpg%5D%2Corigin%5Bdam%5D%2Ccategory%5B%5D%2Ctype%5BLOOKBOOK%5D%2Cres%5Bm%5D%2Chmver%5B1%5D&call=url[file:/product/main]
a59e9c00-2760-4e67-a1eb-ad37495a2087,https://lp2.hm.com/hmgoepprod?set=quality%5B79%5D%2Csource%5B%2Fd5%2F3a%2Fd53ae1ee2a8f3eb822e1906385b8016b2c8d749c.jpg%5D%2Corigin%5Bdam%5D%2Ccategory%5B%5D%2Ctype%5BLOOKBOOK%5D%2Cres%5Bm%5D%2Chmver%5B2%5D&call=url[file:/product/main]
fc23da97-23a2-46b6-802d-cdb032c03f6c,https://lp2.hm.com/hmgoepprod?set=quality%5B79%5D%2Csource%5B%2F85%2F16%2F8516f479b46e5d00e6d51d496d6f559256412c25.jpg%5D%2Corigin%5Bdam%5D%2Ccategory%5B%5D%2Ctype%5BLOOKBOOK%5D%2Cres%5Bm%5D%2Chmver%5B1%5D&call=url[file:/product/main]
131bda9b-eab6-44c3-8209-333ecca2868f,https://lp2.hm.com/hmgoepprod?set=quality%5B79%5D%2Csource%5B%2Fba%2Faa%2Fbaaa535cb8169e9f57b6ae7a364e82c3bb853347.jpg%5D%2Corigin%5Bdam%5D%2Ccategory%5B%5D%2Ctype%5BLOOKBOOK%5D%2Cres%5Bm%5D%2Chmver%5B1%5D&call=url[file:/product/main]
ca17fb1b-ff1a-4f44-9bd8-7eefccef1c23,https://lp2.hm.com/hmgoepprod?set=quality%5B79%5D%2Csource%5B%2F03%2F6b%2F036b46b629d281bcf602fa369c7cecf3fe3203b8.jpg%5D%2Corigin%5Bdam%5D%2Ccategory%5B%5D%2Ctype%5BLOOKBOOK%5D%2Cres%5Bm%5D%2Chmver%5B1%5D&call=url[file:/product/main]
d3dcbcde-e81e-42b0-bf03-505c631703b8,https://lp2.hm.com/hmgoepprod?set=quality%5B79%5D%2Csource%5B%2Fdb%2Fc3%2Fdbc37832463293d0ae67c851e5d33b950640b211.jpg%5D%2Corigin%5Bdam%5D%2Ccategory%5B%5D%2Ctype%5BLOOKBOOK%5D%2Cres%5Bm%5D%2Chmver%5B1%5D&call=url[file:/product/main]
79c361bf-a83a-46c0-bf94-8cfa63773ee6,https://lp2.hm.com/hmgoepprod?set=quality%5B79%5D%2Csource%5B%2Fae%2F85%2Fae853c2f6b8ed877b0fa76fe8d66a6d6489b68c7.jpg%5D%2Corigin%5Bdam%5D%2Ccategory%5B%5D%2Ctype%5BLOOKBOOK%5D%2Cres%5Bm%5D%2Chmver%5B1%5D&call=url[file:/product/main]
01aeaa86-c5aa-49f9-b68e-af6df0d7df7f,https://lp2.hm.com/hmgoepprod?set=quality%5B79%5D%2Csource%5B%2F59%2Fd4%2F59d4976f90ea839aea006e401d1b09243b266df4.jpg%5D%2Corigin%5Bdam%5D%2Ccategory%5B%5D%2Ctype%5BLOOKBOOK%5D%2Cres%5Bm%5D%2Chmver%5B3%5D&call=url[file:/product/main]
79a2e13f-d223-4a0e-8307-6ee5a729adf2,https://lp2.hm.com/hmgoepprod?set=quality%5B79%5D%2Csource%5B%2F4e%2Fd4%2F4ed4a5cadb3c9842481af502a08c318c3bb1926b.jpg%5D%2Corigin%5Bdam%5D%2Ccategory%5B%5D%2Ctype%5BLOOKBOOK%5D%2Cres%5Bm%5D%2Chmver%5B1%5D&call=url[file:/product/main]
9a3e659d-e6a1-4e39-a927-ee4082e2c2e7,https://lp2.hm.com/hmgoepprod?set=quality%5B79%5D%2Csource%5B%2Fb3%2F29%2Fb329237b562340127943ee6eb6720010e6534ff7.jpg%5D%2Corigin%5Bdam%5D%2Ccategory%5B%5D%2Ctype%5BLOOKBOOK%5D%2Cres%5Bm%5D%2Chmver%5B1%5D&call=url[file:/product/main]
7bb8dfc3-c147-4f0c-9ddd-3c3887fae335,https://lp2.hm.com/hmgoepprod?set=quality%5B79%5D%2Csource%5B%2F0c%2Fee%2F0ceef8c7f0bf61506546103c263a881b2a3b7b2a.jpg%5D%2Corigin%5Bdam%5D%2Ccategory%5B%5D%2Ctype%5BLOOKBOOK%5D%2Cres%5Bm%5D%2Chmver%5B1%5D&call=url[file:/product/main]
f896ada0-465c-4233-93b3-15e1b77a50da,https://lp2.hm.com/hmgoepprod?set=quality%5B79%5D%2Csource%5B%2F5e%2F30%2F5e30f492a8ac9132a8baa65578174bf98af5e5eb.jpg%5D%2Corigin%5Bdam%5D%2Ccategory%5B%5D%2Ctype%5BDESCRIPTIVESTILLLIFE%5D%2Cres%5Bm%5D%2Chmver%5B2%5D&call=url[file:/product/main]
9e3a13c6-861d-43eb-83c8-184c38e9654c,https://lp2.hm.com/hmgoepprod?set=quality%5B79%5D%2Csource%5B%2F24%2Fbf%2F24bf3b0c4c40083e372a76c814595b30f1c63b0a.jpg%5D%2Corigin%5Bdam%5D%2Ccategory%5B%5D%2Ctype%5BLOOKBOOK%5D%2Cres%5Bm%5D%2Chmver%5B1%5D&call=url[file:/product/main]
9904d429-b765-436b-9ac8-ef32fff14926,https://lp2.hm.com/hmgoepprod?set=quality%5B79%5D%2Csource%5B%2F72%2F5d%2F725d039526df81dfe3eb9c98b90322a6bd4c1155.jpg%5D%2Corigin%5Bdam%5D%2Ccategory%5B%5D%2Ctype%5BLOOKBOOK%5D%2Cres%5Bm%5D%2Chmver%5B1%5D&call=url[file:/product/main]
a12dc33b-0fb1-4007-9e75-f81e6ad91f87,https://lp2.hm.com/hmgoepprod?set=quality%5B79%5D%2Csource%5B%2F25%2F47%2F25479f90e1e44404ff7ba835cb6c531463649b8b.jpg%5D%2Corigin%5Bdam%5D%2Ccategory%5B%5D%2Ctype%5BLOOKBOOK%5D%2Cres%5Bm%5D%2Chmver%5B2%5D&call=url[file:/product/main]
db424e5f-051d-48a4-b6ba-417cfbb44b64,https://lp2.hm.com/hmgoepprod?set=quality%5B79%5D%2Csource%5B%2F60%2Fe2%2F60e23c87501715bb00129eb75f7f37ac287a33aa.jpg%5D%2Corigin%5Bdam%5D%2Ccategory%5Bmen_hoodiessweatshirts_sweatshirts%5D%2Ctype%5BLOOKBOOK%5D%2Cres%5Bm%5D%2Chmver%5B1%5D&call=url[file:/product/main]
c64711cf-48ca-4d85-895c-f880bb47d956,https://lp2.hm.com/hmgoepprod?set=quality%5B79%5D%2Csource%5B%2Fc9%2Fb5%2Fc9b5dbf014b505cbf0a27e6ebedc8998acf74df1.jpg%5D%2Corigin%5Bdam%5D%2Ccategory%5B%5D%2Ctype%5BLOOKBOOK%5D%2Cres%5Bm%5D%2Chmver%5B1%5D&call=url[file:/product/main]
904a9e93-3f0b-47e3-8320-55e0e774ee9b,https://lp2.hm.com/hmgoepprod?set=quality%5B79%5D%2Csource%5B%2F2a%2F7a%2F2a7a29aef2543cfefdb90b700c2bf0865f274315.jpg%5D%2Corigin%5Bdam%5D%2Ccategory%5B%5D%2Ctype%5BLOOKBOOK%5D%2Cres%5Bm%5D%2Chmver%5B1%5D&call=url[file:/product/main]
75dae080-9edc-4adf-a645-528c95f1e13b,https://lp2.hm.com/hmgoepprod?set=quality%5B79%5D%2Csource%5B%2Ff9%2F9f%2Ff99f38979c01f7c347a20898a694840ca7322526.jpg%5D%2Corigin%5Bdam%5D%2Ccategory%5B%5D%2Ctype%5BLOOKBOOK%5D%2Cres%5Bm%5D%2Chmver%5B1%5D&call=url[file:/product/main]
14e0a697-09f0-4a88-b713-d112c451c691,https://lp2.hm.com/hmgoepprod?set=quality%5B79%5D%2Csource%5B%2F41%2Fcd%2F41cd62439fc27a8aec24226b72a2744092213cce.jpg%5D%2Corigin%5Bdam%5D%2Ccategory%5B%5D%2Ctype%5BLOOKBOOK%5D%2Cres%5Bm%5D%2Chmver%5B1%5D&call=url[file:/product/main]
2787815d-3d67-4b37-895b-10de2b693ae3,https://lp2.hm.com/hmgoepprod?set=quality%5B79%5D%2Csource%5B%2F30%2F7f%2F307f3e1ff0485958df5943baff96c3ae905d3564.jpg%5D%2Corigin%5Bdam%5D%2Ccategory%5B%5D%2Ctype%5BLOOKBOOK%5D%2Cres%5Bm%5D%2Chmver%5B1%5D&call=url[file:/product/main]
2b1173a8-5dca-4c67-a78d-025250ca0756,https://lp2.hm.com/hmgoepprod?set=quality%5B79%5D%2Csource%5B%2Fea%2F41%2Fea4150662eae39c97f8e60f5930a763517ae3305.jpg%5D%2Corigin%5Bdam%5D%2Ccategory%5B%5D%2Ctype%5BLOOKBOOK%5D%2Cres%5Bm%5D%2Chmver%5B1%5D&call=url[file:/product/main]
6f767d8a-6829-4fe8-a960-3370b79593e9,https://lp2.hm.com/hmgoepprod?set=quality%5B79%5D%2Csource%5B%2F94%2F7c%2F947c397d5e4efc71ebd50cb90dd8c592c102eba8.jpg%5D%2Corigin%5Bdam%5D%2Ccategory%5B%5D%2Ctype%5BDESCRIPTIVESTILLLIFE%5D%2Cres%5Bm%5D%2Chmver%5B2%5D&call=url[file:/product/main]
f207d83a-a666-4a97-a2f9-13d02574ce9c,https://lp2.hm.com/hmgoepprod?set=quality%5B79%5D%2Csource%5B%2F09%2F31%2F09313a3353bfb0aabb13fe6a8448720d6ab474f7.jpg%5D%2Corigin%5Bdam%5D%2Ccategory%5B%5D%2Ctype%5BLOOKBOOK%5D%2Cres%5Bm%5D%2Chmver%5B1%5D&call=url[file:/product/main]
c177c11a-0a75-4ba1-a58a-ed2e9c817f6d,https://lp.weekday.com/app003prod?set=quality%5B79%5D%2Csource%5B%2Fd6%2Fe1%2Fd6e164271a58354cc0e359340ad262621c14a04d.jpg%5D%2Corigin%5Bdam%5D%2Ccategory%5B%5D%2Ctype%5BLOOKBOOK%5D%2Cres%5Bm%5D%2Chmver%5B1%5D%2Ctarget%5Bhm.com%5D&call=url[file:/product/main]
60d4dadb-2147-4021-bc5e-adb3c357d672,https://lp2.hm.com/hmgoepprod?set=quality%5B79%5D%2Csource%5B%2Fad%2Ff1%2Fadf13af9e2274bd491c6ff7ad05205f482d3b848.jpg%5D%2Corigin%5Bdam%5D%2Ccategory%5B%5D%2Ctype%5BLOOKBOOK%5D%2Cres%5Bm%5D%2Chmver%5B1%5D&call=url[file:/product/main]
741ea5ad-2ba8-4946-928a-005c21f2663c,https://lp2.hm.com/hmgoepprod?set=quality%5B79%5D%2Csource%5B%2F8d%2F1e%2F8d1e6f3911a5ac210420f8a41fb0e34c26da9afd.jpg%5D%2Corigin%5Bdam%5D%2Ccategory%5B%5D%2Ctype%5BLOOKBOOK%5D%2Cres%5Bm%5D%2Chmver%5B1%5D&call=url[file:/product/main]
713e5028-ad66-46a9-b7a2-d6b223d6c8c8,https://lp2.hm.com/hmgoepprod?set=quality%5B79%5D%2Csource%5B%2F0a%2Ff6%2F0af6b0d30cb7d2f747d469996f31b52dfc600396.jpg%5D%2Corigin%5Bdam%5D%2Ccategory%5B%5D%2Ctype%5BLOOKBOOK%5D%2Cres%5Bm%5D%2Chmver%5B1%5D&call=url[file:/product/main]
fddd54c2-fe61-4e24-ab0a-3ea29de79626,https://lp2.hm.com/hmgoepprod?set=quality%5B79%5D%2Csource%5B%2F4a%2F5d%2F4a5d933070dd1f05f6ace7d3d18d3ed00d78abbc.jpg%5D%2Corigin%5Bdam%5D%2Ccategory%5B%5D%2Ctype%5BLOOKBOOK%5D%2Cres%5Bm%5D%2Chmver%5B1%5D&call=url[file:/product/main]
56c7dc12-cedf-485f-b874-e835956b4b4c,https://lp2.hm.com/hmgoepprod?set=quality%5B79%5D%2Csource%5B%2F00%2Fb1%2F00b18be52c85bd790fadc26fdb21ad710c102041.jpg%5D%2Corigin%5Bdam%5D%2Ccategory%5B%5D%2Ctype%5BLOOKBOOK%5D%2Cres%5Bm%5D%2Chmver%5B1%5D&call=url[file:/product/main]
f10c4d05-3c74-4f4b-9ac8-b9af263b8669,https://lp2.hm.com/hmgoepprod?set=quality%5B79%5D%2Csource%5B%2F6f%2Fda%2F6fda7b3ad98c4a2e1f227b358ca2a2b6622ab7e7.jpg%5D%2Corigin%5Bdam%5D%2Ccategory%5B%5D%2Ctype%5BLOOKBOOK%5D%2Cres%5Bm%5D%2Chmver%5B1%5D&call=url[file:/product/main]
7eef0564-bfa6-4f88-b278-ae9c936f3655,https://lp2.hm.com/hmgoepprod?set=quality%5B79%5D%2Csource%5B%2F67%2Fe8%2F67e887dee8e91b9e0ba45ff888e30f80718be48d.jpg%5D%2Corigin%5Bdam%5D%2Ccategory%5B%5D%2Ctype%5BLOOKBOOK%5D%2Cres%5Bm%5D%2Chmver%5B1%5D&call=url[file:/product/main]
c391e390-ec76-4d74-8e2c-a67c2d83e853,https://lp2.hm.com/hmgoepprod?set=quality%5B79%5D%2Csource%5B%2F80%2F85%2F808519e2183c4cd795500ace830cc8657871dcfd.jpg%5D%2Corigin%5Bdam%5D%2Ccategory%5B%5D%2Ctype%5BLOOKBOOK%5D%2Cres%5Bm%5D%2Chmver%5B1%5D&call=url[file:/product/main]
78286efd-6cd0-4745-a4d0-24860d6a2037,https://lp2.hm.com/hmgoepprod?set=quality%5B79%5D%2Csource%5B%2F18%2F2d%2F182d209d1ad68d635632674849f7902c2c953038.jpg%5D%2Corigin%5Bdam%5D%2Ccategory%5B%5D%2Ctype%5BLOOKBOOK%5D%2Cres%5Bm%5D%2Chmver%5B1%5D&call=url[file:/product/main]
a1b36459-d196-4033-9d78-1cd45fa067d0,https://lp2.hm.com/hmgoepprod?set=quality%5B79%5D%2Csource%5B%2F5c%2Fd4%2F5cd4600975ece698ef6b9a3b12f78a01c3d2c08b.jpg%5D%2Corigin%5Bdam%5D%2Ccategory%5B%5D%2Ctype%5BLOOKBOOK%5D%2Cres%5Bm%5D%2Chmver%5B1%5D&call=url[file:/product/main]
fa4876a3-1012-4688-8ecd-bdf808922502,https://lp2.hm.com/hmgoepprod?set=quality%5B79%5D%2Csource%5B%2Fe6%2F2b%2Fe62be52e958c11a257a88364546a5f496547872f.jpg%5D%2Corigin%5Bdam%5D%2Ccategory%5B%5D%2Ctype%5BDESCRIPTIVESTILLLIFE%5D%2Cres%5Bm%5D%2Chmver%5B2%5D&call=url[file:/product/main]
0ef973d7-494c-491f-8cba-550593abf063,https://lp2.hm.com/hmgoepprod?set=quality%5B79%5D%2Csource%5B%2Ff4%2F11%2Ff411b66a963a5cf0b54248e1cba4eda573a88d69.jpg%5D%2Corigin%5Bdam%5D%2Ccategory%5B%5D%2Ctype%5BLOOKBOOK%5D%2Cres%5Bm%5D%2Chmver%5B1%5D&call=url[file:/product/main]
a450ae8f-43c5-405f-9435-b5afb404f669,https://lp2.hm.com/hmgoepprod?set=quality%5B79%5D%2Csource%5B%2Fee%2F2b%2Fee2bed918aff5298bac1b2273ba876c17977fbea.jpg%5D%2Corigin%5Bdam%5D%2Ccategory%5B%5D%2Ctype%5BLOOKBOOK%5D%2Cres%5Bm%5D%2Chmver%5B1%5D&call=url[file:/product/main]
97530f63-9b75-4325-9fa7-2858a588c154,https://lp2.hm.com/hmgoepprod?set=quality%5B79%5D%2Csource%5B%2F17%2Ff5%2F17f5b9271cfdc25d16dce0361f7eb0d6ecbddad2.jpg%5D%2Corigin%5Bdam%5D%2Ccategory%5B%5D%2Ctype%5BLOOKBOOK%5D%2Cres%5Bm%5D%2Chmver%5B1%5D&call=url[file:/product/main]
0af97e81-7437-4f18-9f20-782f86410cc7,https://lp2.hm.com/hmgoepprod?set=quality%5B79%5D%2Csource%5B%2Fae%2F4b%2Fae4b955fcaafd1ce6462d1000bba1b1d8a935610.jpg%5D%2Corigin%5Bdam%5D%2Ccategory%5B%5D%2Ctype%5BLOOKBOOK%5D%2Cres%5Bm%5D%2Chmver%5B1%5D&call=url[file:/product/main]
2ba44a62-8aa1-4c7e-80a6-7cb16c0adea9,https://lp2.hm.com/hmgoepprod?set=quality%5B79%5D%2Csource%5B%2Fa8%2F4c%2Fa84c2c18de5249c2dda3b748514ed390c36761f6.jpg%5D%2Corigin%5Bdam%5D%2Ccategory%5B%5D%2Ctype%5BLOOKBOOK%5D%2Cres%5Bm%5D%2Chmver%5B1%5D&call=url[file:/product/main]
469136a3-92bd-4a04-9a53-f44c35986eb2,https://lp2.hm.com/hmgoepprod?set=quality%5B79%5D%2Csource%5B%2Ff8%2F0a%2Ff80a0512838ef13a603f0757a991d63761b8b03e.jpg%5D%2Corigin%5Bdam%5D%2Ccategory%5B%5D%2Ctype%5BLOOKBOOK%5D%2Cres%5Bm%5D%2Chmver%5B1%5D&call=url[file:/product/main]
c5598948-7b4e-43b4-aef4-1f635ec92e28,https://lp2.hm.com/hmgoepprod?set=quality%5B79%5D%2Csource%5B%2Fac%2F75%2Fac750dc15d7154155dd01c201d25ae1c858b7585.jpg%5D%2Corigin%5Bdam%5D%2Ccategory%5B%5D%2Ctype%5BLOOKBOOK%5D%2Cres%5Bm%5D%2Chmver%5B1%5D&call=url[file:/product/main]
bc9fae32-cdb2-43f3-b954-117ecb3853f0,https://lp2.hm.com/hmgoepprod?set=quality%5B79%5D%2Csource%5B%2F18%2Fe6%2F18e69538be4fa641e16294d7dbb9bdcf15a427c7.jpg%5D%2Corigin%5Bdam%5D%2Ccategory%5B%5D%2Ctype%5BLOOKBOOK%5D%2Cres%5Bm%5D%2Chmver%5B1%5D&call=url[file:/product/main]
2a23281e-1104-433e-b30b-9e697f02914d,https://lp2.hm.com/hmgoepprod?set=quality%5B79%5D%2Csource%5B%2F3f%2Fe3%2F3fe309f24748dc02ec4deed4537a07e8d5314f66.jpg%5D%2Corigin%5Bdam%5D%2Ccategory%5B%5D%2Ctype%5BLOOKBOOK%5D%2Cres%5Bm%5D%2Chmver%5B1%5D&call=url[file:/product/main]
8d344085-611c-424a-b20a-2f96f0be4bd2,https://lp2.hm.com/hmgoepprod?set=quality%5B79%5D%2Csource%5B%2F22%2F77%2F22779b6d2de052b6614b07a50638b32339d2b3c1.jpg%5D%2Corigin%5Bdam%5D%2Ccategory%5B%5D%2Ctype%5BLOOKBOOK%5D%2Cres%5Bm%5D%2Chmver%5B1%5D&call=url[file:/product/main]
2aeea15a-20bb-4e4a-b041-43175e9a71c7,https://lp2.hm.com/hmgoepprod?set=quality%5B79%5D%2Csource%5B%2F58%2F77%2F58773215248e9579d8e352f0864f0e7d0f859aca.jpg%5D%2Corigin%5Bdam%5D%2Ccategory%5B%5D%2Ctype%5BDESCRIPTIVESTILLLIFE%5D%2Cres%5Bm%5D%2Chmver%5B2%5D&call=url[file:/product/main]
c9d1168b-e109-4c20-8516-c44483dec002,https://lp2.hm.com/hmgoepprod?set=quality%5B79%5D%2Csource%5B%2F2d%2F4b%2F2d4b56b0226434c645550fbe1923f643eb9f43e2.jpg%5D%2Corigin%5Bdam%5D%2Ccategory%5B%5D%2Ctype%5BLOOKBOOK%5D%2Cres%5Bm%5D%2Chmver%5B1%5D&call=url[file:/product/main]
baaed8ab-b941-4fd6-89a1-384adc5962ba,https://lp2.hm.com/hmgoepprod?set=quality%5B79%5D%2Csource%5B%2F27%2F14%2F27146b80d135376e457b324507840819bf179dee.jpg%5D%2Corigin%5Bdam%5D%2Ccategory%5B%5D%2Ctype%5BLOOKBOOK%5D%2Cres%5Bm%5D%2Chmver%5B1%5D&call=url[file:/product/main]
d8c1b601-1486-4c8e-b583-615044f31e72,https://lp2.hm.com/hmgoepprod?set=quality%5B79%5D%2Csource%5B%2Fec%2Fcd%2Feccd59ca651ce51e0f13c51885da869bc9bed716.jpg%5D%2Corigin%5Bdam%5D%2Ccategory%5B%5D%2Ctype%5BLOOKBOOK%5D%2Cres%5Bm%5D%2Chmver%5B1%5D&call=url[file:/product/main]
609aef2a-7b9b-49af-aca4-d5b339a4d3e4,https://lp2.hm.com/hmgoepprod?set=quality%5B79%5D%2Csource%5B%2F2a%2F6c%2F2a6cf577538cfefb1e618d506c66e7bc118869b1.jpg%5D%2Corigin%5Bdam%5D%2Ccategory%5B%5D%2Ctype%5BLOOKBOOK%5D%2Cres%5Bm%5D%2Chmver%5B1%5D&call=url[file:/product/main]
a87dcf4e-d0a0-4bd9-9e6b-47be9193c031,https://lp2.hm.com/hmgoepprod?set=quality%5B79%5D%2Csource%5B%2F46%2F11%2F4611d1ecade8a76670e8cb95369e6c709aeeb51b.jpg%5D%2Corigin%5Bdam%5D%2Ccategory%5B%5D%2Ctype%5BLOOKBOOK%5D%2Cres%5Bm%5D%2Chmver%5B1%5D&call=url[file:/product/main]
f35594d9-07a8-43f1-ab71-d26ed2e990c7,https://lp2.hm.com/hmgoepprod?set=quality%5B79%5D%2Csource%5B%2F57%2Fb5%2F57b5a99b5b4359ca8cd9aaad5c13507c1cd8cb1e.jpg%5D%2Corigin%5Bdam%5D%2Ccategory%5B%5D%2Ctype%5BLOOKBOOK%5D%2Cres%5Bm%5D%2Chmver%5B1%5D&call=url[file:/product/main]
311b2e95-4f15-4bfc-aa10-71a014a073bf,https://lp.arket.com/app006prod?set=quality%5B79%5D%2Csource%5B%2Fee%2Ff4%2Feef4c61b9576760c5a5eee05f875d66b48389d8d.jpg%5D%2Corigin%5Bdam%5D%2Ccategory%5B%5D%2Ctype%5BLOOKBOOK%5D%2Cres%5Bm%5D%2Chmver%5B1%5D%2Ctarget%5Bhm.com%5D&call=url[file:/product/main]
bdd91d9c-090f-497a-ad09-22c906762de8,https://lp2.hm.com/hmgoepprod?set=quality%5B79%5D%2Csource%5B%2F53%2F50%2F5350856a7ed6b4ed6617418a0fbbcef78cc6e6b2.jpg%5D%2Corigin%5Bdam%5D%2Ccategory%5B%5D%2Ctype%5BDESCRIPTIVESTILLLIFE%5D%2Cres%5Bm%5D%2Chmver%5B2%5D&call=url[file:/product/main]
0e8bccff-8fa0-45bf-bc11-f278684133c5,https://lp2.hm.com/hmgoepprod?set=quality%5B79%5D%2Csource%5B%2F01%2F87%2F0187f44e932fa83bb763526b39ca125fb6bcbc29.jpg%5D%2Corigin%5Bdam%5D%2Ccategory%5B%5D%2Ctype%5BLOOKBOOK%5D%2Cres%5Bm%5D%2Chmver%5B1%5D&call=url[file:/product/main]
e8414931-49c2-49a0-bf16-0d42146c58a9,https://lp2.hm.com/hmgoepprod?set=quality%5B79%5D%2Csource%5B%2F14%2F00%2F14009076ef705e7fc0e91c5ea12ddf21eb4675f0.jpg%5D%2Corigin%5Bdam%5D%2Ccategory%5B%5D%2Ctype%5BLOOKBOOK%5D%2Cres%5Bm%5D%2Chmver%5B1%5D&call=url[file:/product/main]
edc68e59-51ff-4318-b843-9b8e1ed72739,https://lp2.hm.com/hmgoepprod?set=quality%5B79%5D%2Csource%5B%2F04%2F94%2F0494a6fffd883a151f55aee8ae58b5654cc2dbc7.jpg%5D%2Corigin%5Bdam%5D%2Ccategory%5B%5D%2Ctype%5BLOOKBOOK%5D%2Cres%5Bm%5D%2Chmver%5B1%5D&call=url[file:/product/main]
bcc48062-d65b-4fe1-8f48-bccf3016bafc,https://lp2.hm.com/hmgoepprod?set=quality%5B79%5D%2Csource%5B%2F08%2Fa4%2F08a4b4f1659b70b7ad064c22afe3df8c5c482a40.jpg%5D%2Corigin%5Bdam%5D%2Ccategory%5B%5D%2Ctype%5BLOOKBOOK%5D%2Cres%5Bm%5D%2Chmver%5B1%5D&call=url[file:/product/main]
23fbb578-92f7-4783-afaf-2aa3a84d4eab,https://lp2.hm.com/hmgoepprod?set=quality%5B79%5D%2Csource%5B%2F08%2Ff0%2F08f020cf4df7b1db444cf233f47ac23922fc3970.jpg%5D%2Corigin%5Bdam%5D%2Ccategory%5B%5D%2Ctype%5BLOOKBOOK%5D%2Cres%5Bm%5D%2Chmver%5B1%5D&call=url[file:/product/main]
479da17e-4321-4f00-b756-2cd60f73908b,https://lp2.hm.com/hmgoepprod?set=quality%5B79%5D%2Csource%5B%2F02%2Fac%2F02ac75cd434754906f367218d9a8dece8650f322.jpg%5D%2Corigin%5Bdam%5D%2Ccategory%5B%5D%2Ctype%5BLOOKBOOK%5D%2Cres%5Bm%5D%2Chmver%5B1%5D&call=url[file:/product/main]
8a0ac39c-1621-42ed-a3b4-89b79bef6eb0,https://lp2.hm.com/hmgoepprod?set=quality%5B79%5D%2Csource%5B%2Fdc%2F73%2Fdc734e28fa4fbb32b6185e118e852ad96c205da0.jpg%5D%2Corigin%5Bdam%5D%2Ccategory%5B%5D%2Ctype%5BLOOKBOOK%5D%2Cres%5Bm%5D%2Chmver%5B1%5D&call=url[file:/product/main]
da0df691-d2ec-44a9-98ff-43afabc41191,https://lp2.hm.com/hmgoepprod?set=quality%5B79%5D%2Csource%5B%2Fd7%2Fa8%2Fd7a828713d8976ba80c777d5112f4a92f08cc3bb.jpg%5D%2Corigin%5Bdam%5D%2Ccategory%5B%5D%2Ctype%5BLOOKBOOK%5D%2Cres%5Bm%5D%2Chmver%5B1%5D&call=url[file:/product/main]
dedcd0f3-3c41-4c26-b2e4-4d6ae4c1c37a,https://lp2.hm.com/hmgoepprod?set=quality%5B79%5D%2Csource%5B%2F4c%2F77%2F4c77aa9b872accd227f4c8919363f023b2f5d66c.jpg%5D%2Corigin%5Bdam%5D%2Ccategory%5B%5D%2Ctype%5BLOOKBOOK%5D%2Cres%5Bm%5D%2Chmver%5B1%5D&call=url[file:/product/main]
4e87fbc1-6460-4b88-b0af-16e8ac18f71c,https://lp2.hm.com/hmgoepprod?set=quality%5B79%5D%2Csource%5B%2Fbf%2F1b%2Fbf1b52ad1399df55446f24db5b6c424ed7761c0f.jpg%5D%2Corigin%5Bdam%5D%2Ccategory%5B%5D%2Ctype%5BLOOKBOOK%5D%2Cres%5Bm%5D%2Chmver%5B1%5D&call=url[file:/product/main]
9d3a1a14-a999-45ad-a939-9f2b2155a494,https://lp2.hm.com/hmgoepprod?set=quality%5B79%5D%2Csource%5B%2F42%2Fd8%2F42d8a25a0337b54e4da5c9ccb6ccd01d85a1813c.jpg%5D%2Corigin%5Bdam%5D%2Ccategory%5B%5D%2Ctype%5BLOOKBOOK%5D%2Cres%5Bm%5D%2Chmver%5B1%5D&call=url[file:/product/main]
d73910bb-ed6d-4c49-86a4-cad705903767,https://lp.arket.com/app006prod?set=quality%5B79%5D%2Csource%5B%2Fb6%2Fb7%2Fb6b77e32a874f0c276f91a68442234e12d806e74.jpg%5D%2Corigin%5Bdam%5D%2Ccategory%5B%5D%2Ctype%5BLOOKBOOK%5D%2Cres%5Bm%5D%2Chmver%5B1%5D%2Ctarget%5Bhm.com%5D&call=url[file:/product/main]
d5782731-e3c4-427d-b9ac-04483e477382,https://lp2.hm.com/hmgoepprod?set=quality%5B79%5D%2Csource%5B%2Fe3%2Fb5%2Fe3b5dbbc67ea7bc06aed225f2a77564fdef00398.jpg%5D%2Corigin%5Bdam%5D%2Ccategory%5B%5D%2Ctype%5BDESCRIPTIVESTILLLIFE%5D%2Cres%5Bm%5D%2Chmver%5B2%5D&call=url[file:/product/main]
88dec9b2-6319-434b-806b-c7716bc6a282,https://lp.arket.com/app006prod?set=quality%5B79%5D%2Csource%5B%2Fe3%2F3a%2Fe33a26a30631d5b5cee1164bb8e3c2df66f378bd.jpg%5D%2Corigin%5Bdam%5D%2Ccategory%5B%5D%2Ctype%5BLOOKBOOK%5D%2Cres%5Bm%5D%2Chmver%5B1%5D%2Ctarget%5Bhm.com%5D&call=url[file:/product/main]
afa92cc5-913a-4121-b67a-166d0a803885,https://lp2.hm.com/hmgoepprod?set=quality%5B79%5D%2Csource%5B%2F62%2F00%2F6200f3cb3ea0dd555451702f7c2ac124c7014e6a.jpg%5D%2Corigin%5Bdam%5D%2Ccategory%5B%5D%2Ctype%5BLOOKBOOK%5D%2Cres%5Bm%5D%2Chmver%5B1%5D&call=url[file:/product/main]
1d89301d-58c8-47c4-a5c8-44b2d93dff99,https://lp2.hm.com/hmgoepprod?set=quality%5B79%5D%2Csource%5B%2Fa0%2Fe1%2Fa0e12f645c5d687da4c74d1b0d7fbe137cb2d4c0.jpg%5D%2Corigin%5Bdam%5D%2Ccategory%5B%5D%2Ctype%5BLOOKBOOK%5D%2Cres%5Bm%5D%2Chmver%5B1%5D&call=url[file:/product/main]
5c276f82-9233-4638-bba5-fc56f5671546,https://lp2.hm.com/hmgoepprod?set=quality%5B79%5D%2Csource%5B%2F41%2F40%2F4140e7c60d0e70dc6304f7840577a8719601f801.jpg%5D%2Corigin%5Bdam%5D%2Ccategory%5B%5D%2Ctype%5BLOOKBOOK%5D%2Cres%5Bm%5D%2Chmver%5B1%5D&call=url[file:/product/main]
097b2033-4ffc-40f9-acad-9fbd132db961,https://lp.arket.com/app006prod?set=quality%5B79%5D%2Csource%5B%2Fc6%2Fdd%2Fc6dd00498a22402d4e87b41436aca356b8bb3f00.jpg%5D%2Corigin%5Bdam%5D%2Ccategory%5B%5D%2Ctype%5BLOOKBOOK%5D%2Cres%5Bm%5D%2Chmver%5B1%5D%2Ctarget%5Bhm.com%5D&call=url[file:/product/main]
8e08c96a-5d4a-4af3-a11d-d2e82ac31cfa,https://lp2.hm.com/hmgoepprod?set=quality%5B79%5D%2Csource%5B%2Fdb%2F86%2Fdb86c17f6717df65ef3625de324102b8714e92eb.jpg%5D%2Corigin%5Bdam%5D%2Ccategory%5B%5D%2Ctype%5BLOOKBOOK%5D%2Cres%5Bm%5D%2Chmver%5B1%5D&call=url[file:/product/main]
c39710d8-e877-4d09-bee1-6fcf73f518c1,https://lp2.hm.com/hmgoepprod?set=quality%5B79%5D%2Csource%5B%2Fba%2F88%2Fba88dca34e8486e248c90e7d299c2c70a950185f.jpg%5D%2Corigin%5Bdam%5D%2Ccategory%5B%5D%2Ctype%5BLOOKBOOK%5D%2Cres%5Bm%5D%2Chmver%5B1%5D&call=url[file:/product/main]
2b36ecb8-4b1d-4d0b-afe4-d2fbf786d95e,https://lp2.hm.com/hmgoepprod?set=quality%5B79%5D%2Csource%5B%2F4f%2F25%2F4f2541c8a2cef45b64a46769b0611ce5692f7876.jpg%5D%2Corigin%5Bdam%5D%2Ccategory%5B%5D%2Ctype%5BLOOKBOOK%5D%2Cres%5Bm%5D%2Chmver%5B1%5D&call=url[file:/product/main]
a3d0923a-0c3d-4a98-b8da-2f439238a4bc,https://lp2.hm.com/hmgoepprod?set=quality%5B79%5D%2Csource%5B%2F56%2Fa1%2F56a13c828234ed628f3ad13d96e3fa70e9923b3e.jpg%5D%2Corigin%5Bdam%5D%2Ccategory%5B%5D%2Ctype%5BLOOKBOOK%5D%2Cres%5Bm%5D%2Chmver%5B1%5D&call=url[file:/product/main]
dc842631-e0cf-4501-9a85-d204e2eb9d65,https://lp2.hm.com/hmgoepprod?set=quality%5B79%5D%2Csource%5B%2F7a%2Feb%2F7aebbbd4cd7b753243efeddd12730a1f36ccceef.jpg%5D%2Corigin%5Bdam%5D%2Ccategory%5B%5D%2Ctype%5BLOOKBOOK%5D%2Cres%5Bm%5D%2Chmver%5B1%5D&call=url[file:/product/main]
dfcfce84-9865-43f6-87d0-ed849f8b498a,https://lp2.hm.com/hmgoepprod?set=quality%5B79%5D%2Csource%5B%2F33%2Fec%2F33ec70b801e6587da2126946b8548804e6a67f18.jpg%5D%2Corigin%5Bdam%5D%2Ccategory%5B%5D%2Ctype%5BLOOKBOOK%5D%2Cres%5Bm%5D%2Chmver%5B1%5D&call=url[file:/product/main]
04ac51e3-ced7-4ad7-a309-2a0d82efc89c,https://lp2.hm.com/hmgoepprod?set=quality%5B79%5D%2Csource%5B%2F71%2F9f%2F719f2a9e549a0eebdb175c6056da56c924ba8f14.jpg%5D%2Corigin%5Bdam%5D%2Ccategory%5B%5D%2Ctype%5BLOOKBOOK%5D%2Cres%5Bm%5D%2Chmver%5B1%5D&call=url[file:/product/main]
26fdc783-1da0-43c7-8df2-60db82a3d9da,https://lp2.hm.com/hmgoepprod?set=quality%5B79%5D%2Csource%5B%2F51%2F45%2F514549a17bad696f4aa966cfb1cb6f0f57e579ca.jpg%5D%2Corigin%5Bdam%5D%2Ccategory%5B%5D%2Ctype%5BLOOKBOOK%5D%2Cres%5Bm%5D%2Chmver%5B2%5D&call=url[file:/product/main]
