Zalando_Image_ID,Zalando_IMG
39d8490c-8d25-4d90-a8b9-6578ae02c31e,https://img01.ztat.net/article/spp-media-p1/3234c3bbcab134d0ac2f46b35731fb9f/494b8ce6c780444094639b558fcbc744.jpg?imwidth=156
17eb1dd8-e7f9-4f03-9fce-7c50ecaf9c8f,https://img01.ztat.net/article/spp-media-p1/b58b963bd0233338ae38b6f5b459f591/eb0e723b2058424e9a31aa5c1f372c09.jpg?imwidth=156
7b3f411c-d81a-44bc-860a-0cb301058199,https://img01.ztat.net/article/spp-media-p1/640e716404d541b48a9a261b493eaf5d/8cb6809abf4a4798ba32707cf33d0ba7.jpg?imwidth=156&filter=packshot
c821af92-e8b2-485e-9e53-ab95b123e5d4,https://img01.ztat.net/article/spp-media-p1/245de6a493284a0ea8727f5d5b6cddc1/cdc07bf6191947e89128afecd8e35159.jpg?imwidth=156
c2762cdf-56f5-4b89-943e-2473c269d456,https://img01.ztat.net/article/spp-media-p1/a50a887668023c27919ab9ddaec807fa/4f9133731ab34e4ca709e7a6afe957c4.jpg?imwidth=156
5028c5bd-f6a7-412c-bb71-cb99ba3aa654,https://img01.ztat.net/article/spp-media-p1/bad0551991073210882fb500a35c5ba2/af19890ce8a74478ac96cd01413cb907.jpg?imwidth=156
d693f478-85b3-4952-a37b-70cb60c15b4c,https://img01.ztat.net/article/spp-media-p1/0519606dabd24d0a8e77e7fb92688027/f4633479dae1406bbd1043dfd8715956.jpg?imwidth=156
acbb178b-c943-49a0-b5de-a9d000169bb1,https://img01.ztat.net/article/spp-media-p1/fd50fef5d67f377b9e88f46428e1b199/e2a93f68ed2a4eee8729a05e58c4c144.jpg?imwidth=156
e08e9d99-2cfa-4bd7-b47a-4ef4a880cc60,https://img01.ztat.net/article/spp-media-p1/4e9e117bdc3d362cb51d6f27c8624705/5f8d82efca554391a5786d850863e99f.jpg?imwidth=156
de7f50d5-d3b5-4219-ad2b-cd2c06589231,https://img01.ztat.net/article/spp-media-p1/70c2d609ed8633fdaaff4e98758c64f6/1b63040eae84417d88e6e46444f6e50a.jpg?imwidth=156
604e45e3-9941-4412-bcc3-23988a15e21b,https://img01.ztat.net/article/spp-media-p1/5b2d3555f9f6474d8eabf258947af41b/9b727a3d815a41bfb50e335db0f4a10a.jpg?imwidth=156
4b989a0d-c131-47b8-9797-16c11b639af8,https://img01.ztat.net/article/spp-media-p1/37cc250f959f4bfca381692888290dc1/c7d1ef1643124df291120214cb1498b9.jpg?imwidth=156
dc90aaf9-9143-46f6-8842-87a6ced2c81a,https://img01.ztat.net/article/spp-media-p1/185af28f023a4ffca8e468184619b942/64a7524027ee4441871cb21ec70b3320.jpg?imwidth=156
d4e8a236-ff85-4752-9526-fc6ea501d844,https://img01.ztat.net/article/spp-media-p1/222924450924458287ffeb50893befae/826566614b814b4ba5ddc50b2dc5dc3d.jpg?imwidth=156
d0463e3a-cde5-4a54-aece-626ee2a69f69,https://img01.ztat.net/article/spp-media-p1/9c766d7e3acc3b659a3cf761f7551d29/820545dc48a844a08a934d2108078867.jpg?imwidth=156
16da646a-d2b4-4f0b-8548-d687fbff9d40,https://img01.ztat.net/article/spp-media-p1/3d1a2a4464424ff0a2e4b718bd902b36/1a5e1f57b0cf449e97fce1d8136f52cc.jpg?imwidth=156
ce86bd24-5ebb-468c-ae02-e29630737a0c,https://img01.ztat.net/article/spp-media-p1/a45d0f52419445588a916b699efedaf3/f44223cf7e5d43e78431643c45943b20.jpg?imwidth=156&filter=packshot
bac3f581-485e-444d-96fa-5ea9ddef705d,https://img01.ztat.net/article/spp-media-p1/60fc0b3772a73c0385cf3412db704b6c/b46a1dde386f4a5a87110657fb049b25.jpg?imwidth=156
b8e3a2af-d965-4baf-97e6-7d14a9c4b18a,https://img01.ztat.net/article/spp-media-p1/ce5a02f6157b4fb9a2f73ab0f5e538f9/b0c1bf05f1804bb99f73a3eb8d339e75.jpg?imwidth=156
2804a5d3-5591-4783-9ebc-38fbf4a0208c,https://img01.ztat.net/article/spp-media-p1/18edb033895f491facc2dedc27200e24/0aa9a4999b2f4de5a6adfef88c6dd7c9.jpg?imwidth=156
0b48e9b6-cc2e-49d6-bdfa-da1c96efe9df,https://img01.ztat.net/article/spp-media-p1/c7817807188849339b79566f91a11fbc/e02e7df4f114403fbf47d88886969db5.jpg?imwidth=156
deffa5c6-a2d9-47c2-b48f-edddfadf8cb3,https://img01.ztat.net/article/spp-media-p1/6f6c1b282f94404e90b88b4ccafa9347/08c4b93c31ae4c70a131789ca08c410f.jpg?imwidth=156
7a99ec9b-96b7-4763-9204-3be9fabb9315,https://img01.ztat.net/article/spp-media-p1/3ea50e5d64ac315f85fbcd450e67d9b4/299f670f1ac044398a81a9d31b2f4776.jpg?imwidth=156
cdc6b3a0-4fa9-49f2-b0e5-e146f7c8bcfb,https://img01.ztat.net/article/spp-media-p1/98ee01400df832ef9dcc63d26ca0ee6f/e2adc00eef50463c811d78f4de8f8ae9.jpg?imwidth=156
3eb0cd05-5103-4773-92c2-8b96066f169a,https://img01.ztat.net/article/spp-media-p1/35ceb9ffe2b046acabf091353c2a8633/e4c354076dc74469915de1faa4a7a6a9.jpg?imwidth=156&filter=packshot
c52b42c1-a2c0-443e-ad52-ec3a9c84c225,https://img01.ztat.net/article/spp-media-p1/6c576778e9d23948951799d5c76125db/9a5777ffa4504b9685c5faeeeb3a4ad9.jpg?imwidth=156
64f56008-0a24-40ec-8c48-7887567a11fc,https://img01.ztat.net/article/spp-media-p1/351da5922b02480fa265d82ee0463ab3/21f2988695e847c19b953c052f62300a.jpg?imwidth=156
0030290f-f7bf-4e73-b77b-bed490fb2b91,https://img01.ztat.net/article/spp-media-p1/9a91c212274a45d98faf534e94e76a23/c8af49877993401ea2a8ddfcbaa8a5fd.jpg?imwidth=156
22801e2d-3501-4b8e-b47b-c9609995ceaf,https://img01.ztat.net/article/spp-media-p1/dd4f4435b6c1481394939e6e3ebd1cbc/ad592f8aa10c42c08ed1863c20e93511.jpg?imwidth=156
0dfaedb1-a687-4742-8c05-9958a162405e,https://img01.ztat.net/article/spp-media-p1/a810384e4e6233058f3b74b5106a8dd6/762b4c072a884acf8c09067bee472f46.jpg?imwidth=156
8fb2a4c2-3020-4b0c-8424-9cb516a0f16e,https://img01.ztat.net/article/spp-media-p1/ac7f08377ba447169c10af9e1731d463/c661d1e3c864447eb509c2e31c6d4022.jpg?imwidth=156
1d41579f-df17-421b-9cfa-0fb08a7cce4b,https://img01.ztat.net/article/spp-media-p1/a43cebe3a8a13c4c882691b5541ca708/e55ff777b175456882c592ff15705bfc.jpg?imwidth=156
87448d3d-a42d-407c-8a6d-ee7d0f4c7ba5,https://img01.ztat.net/article/spp-media-p1/b413b515f6173fabb1cf50d044785734/52a9c119c111435da2dbc4596aba2d0b.jpg?imwidth=156
03252089-8def-48c2-8188-5c4b09c42e6a,https://img01.ztat.net/article/spp-media-p1/ed93f746e2284179817477b5435dd3ef/654774c09225483f93c634dd74f79729.jpg?imwidth=156
107c29fd-8437-436b-8b07-d80635febb44,https://img01.ztat.net/article/spp-media-p1/219e75d59ea2373e94856a21ba431efa/0a8822a0f6094dde807c1d5848720791.jpg?imwidth=156
54f27195-4681-4ce5-8f31-cd9fcd669d97,https://img01.ztat.net/article/spp-media-p1/3acdf8fa43d93f2ebdd6080b45f00a0d/074f615f2e924ba0bd026afca9d0c038.jpg?imwidth=156
8d2947d9-3cef-43ec-a167-8bde9031c6be,https://img01.ztat.net/article/spp-media-p1/343c411db7293c9ebf5d8ec2538a45be/4ce48da928c040b5a694f67b1ad1db70.jpg?imwidth=156
f2562257-b6fa-40fe-a566-c355c1c33bb9,https://img01.ztat.net/article/spp-media-p1/4901a86c3b094b378173f9e6fe7d5e14/0d2a32da8349445286edf4a54f538b02.jpg?imwidth=156&filter=packshot
69067ff6-b120-42ec-94a9-721c8d7d214e,https://img01.ztat.net/article/spp-media-p1/d5135b7004144c88ac63dd89e47db240/527279de6e8d4bf089d67bb62a335c05.jpg?imwidth=156
06b5eee8-a35b-4a32-a28d-68ac1c3facfc,https://img01.ztat.net/article/spp-media-p1/c3576cf04f6d4c73806fb71a781766a9/f59f6cda99214a338014c12669edaea4.jpg?imwidth=156&filter=packshot
9d55c5c2-4dda-4365-8026-63c35ba02e8a,https://img01.ztat.net/article/spp-media-p1/9011e8202c1b360d92859f33ea132c91/916d90141317404e84ea7493723ccd70.jpg?imwidth=156
56aa6fa8-d6c2-41d4-a01a-37ed36e169c2,https://img01.ztat.net/article/spp-media-p1/f1b8396129c74a54a4c286e27ef95042/c0078c695b064cbb8065aa8dd55bca1e.jpg?imwidth=156
b3d34e46-b7c0-4b29-b00b-456e0e0693b8,https://img01.ztat.net/article/spp-media-p1/4e9e117bdc3d362cb51d6f27c8624705/5f8d82efca554391a5786d850863e99f.jpg?imwidth=156
2f03e949-fbb4-45f6-a2ba-549421bbe256,https://img01.ztat.net/article/spp-media-p1/18edb033895f491facc2dedc27200e24/0aa9a4999b2f4de5a6adfef88c6dd7c9.jpg?imwidth=156
c266f5eb-23c6-41ff-83fd-627af06f086d,https://img01.ztat.net/article/spp-media-p1/b413b515f6173fabb1cf50d044785734/52a9c119c111435da2dbc4596aba2d0b.jpg?imwidth=156
45078305-825c-435c-9495-20bbfee02cb7,https://img01.ztat.net/article/spp-media-p1/219e75d59ea2373e94856a21ba431efa/0a8822a0f6094dde807c1d5848720791.jpg?imwidth=156
c38ad247-d092-47f9-8127-08bb6a9c89dc,https://img01.ztat.net/article/spp-media-p1/9011e8202c1b360d92859f33ea132c91/916d90141317404e84ea7493723ccd70.jpg?imwidth=156
bbada963-7c51-472b-9eba-e870ff136d00,https://img01.ztat.net/article/spp-media-p1/167cdf03277e467e84ecab672cd6c0b7/291624400c1f4235a5666630879db1e1.jpg?imwidth=156
97d87731-02eb-42ef-9a23-3a6c11794037,https://img01.ztat.net/article/spp-media-p1/f7abdf474ec442ea8112dd70703d7d6f/b1c639caec9f4abf888b36f9b58c3dee.jpg?imwidth=156&filter=packshot
f4c29932-75af-4ef6-aa93-50266230f96e,https://img01.ztat.net/article/spp-media-p1/44806a34110f48d5abcda1805dce8150/467e89f06a1648aa9ce0a75589ee4047.jpg?imwidth=156
ca6afb1d-db44-425e-85a9-aa30cdb51fd2,https://img01.ztat.net/article/spp-media-p1/84543ba67e1136289b540f79e6b91963/329922927e9b4f2e90d457cc0511bf45.jpg?imwidth=156
b0cd8fd8-7078-46fb-8b81-7e20451f1124,https://img01.ztat.net/article/spp-media-p1/e9f0e1cabe8c49ea899297ce6cbab13c/e671dacfc61e476798b0ef4f0dbffa85.jpg?imwidth=156
0607c9f4-b528-45ee-9141-a9413815b5fb,https://img01.ztat.net/article/spp-media-p1/d92d6b27404e407c97fcfde19fb40fbd/91308cdb90854f6eb6587fbc7a5e6162.jpg?imwidth=156
1a8bf940-41b1-4e1c-9518-905d5f12613a,https://img01.ztat.net/article/spp-media-p1/d1b3f4ad4e77491fa33bccb288ce4e1e/1ceb154cea6f4e11afba46ee7131e934.jpg?imwidth=156
eca6d6eb-1d05-422f-8ba3-dcb46c76e507,https://img01.ztat.net/article/spp-media-p1/167cdf03277e467e84ecab672cd6c0b7/291624400c1f4235a5666630879db1e1.jpg?imwidth=156
22f7c1a4-aff9-46c4-b693-66382129064e,https://img01.ztat.net/article/spp-media-p1/37b1eea161433f2fae6826705bca4fd4/6fd0c569626442b9bb3577440195d931.jpg?imwidth=156
faa80192-f741-4207-830e-367297ee80cd,https://img01.ztat.net/article/spp-media-p1/0aab59f5f9f04ccba2b68f5f1049d962/3d62caebeb8147f794f66704163c499c.jpg?imwidth=156
90870af3-0efe-4d9c-adca-1abe15b1920d,https://img01.ztat.net/article/spp-media-p1/85f3d6bc8c414882823c1dc3da6c213a/be9374ce66ab4c4a8f2ba242d14352be.jpg?imwidth=156
8f0657de-def6-4835-8fc8-a957b2361fd7,https://img01.ztat.net/article/spp-media-p1/55559243b6da428190a096b8883f6463/cd96804cdfe2400e9e9bba7fc4031210.jpg?imwidth=156
4a705e58-f60b-4214-8e01-c222dde7a565,https://img01.ztat.net/article/spp-media-p1/44f8a9eb9e2943859929bebd9d33e552/dd906b4037ed40efa9d04a863c6ef0b4.jpg?imwidth=156
43c77cbd-5b8c-4f6e-8d9e-07449a629ecf,https://img01.ztat.net/article/spp-media-p1/c77242c9d1224630baff4fc8c326aff3/66d4bb526d294096ba55dedba67d7709.jpg?imwidth=156&filter=packshot
14be9ae0-fcdf-4903-8828-82152264dbd6,https://img01.ztat.net/article/spp-media-p1/23339818bd164c89bba2371c287cdc7f/6eee3cb1aaa2427ba1ffb789e5944d22.jpg?imwidth=156
e7abd939-eb7c-4952-824d-271b1bac98fc,https://img01.ztat.net/article/spp-media-p1/2693cd53b7c0484aa7bfec222f137644/fc38ad89e639426da2cc64006ea0b890.jpg?imwidth=156
3fc7d50d-b1d1-4920-9658-8c309afa86fa,https://img01.ztat.net/article/spp-media-p1/b1d1b6e573484557a5386e67a2e0d196/077132871133405d992e639da1995b11.jpg?imwidth=156
1c0e7132-ee8e-4a7f-aa28-e5c368680ed0,https://img01.ztat.net/article/spp-media-p1/1f68f4bae149321880da48e4c6287b04/8289e4b67ade469db385cdf6e0a5b36d.jpg?imwidth=156
ed315e96-5de3-4694-9542-8de010ca3c66,https://img01.ztat.net/article/spp-media-p1/ad58f305d95e4e0c964ed5a95f2f57c7/454e4e4f2aa543978f02be7f268dfe41.jpg?imwidth=156&filter=packshot
f70d0e32-6bb2-49ff-bb1a-029341cbee18,https://img01.ztat.net/article/spp-media-p1/4e2c5b019a3c4530abd5a48ebbd9a995/f8a134cf58f44780a7bf4ee3f322d306.jpg?imwidth=156
21cff720-5d13-4d14-8577-26ce1438caae,https://img01.ztat.net/article/spp-media-p1/9e0d2b41e6d3403a817dcc29b888c4b1/8036fe4da6064c80a24c78e6e0c5c8e7.jpg?imwidth=156&filter=packshot
f51a2c4c-1ba8-4948-86fc-94b4a9ddbedb,https://img01.ztat.net/article/spp-media-p1/3acaf9a5045b362dbf5f5fb50ec68f9f/d922596bd9e2425b98996921aecb4396.jpg?imwidth=156
e8cc188f-95c0-45c3-a717-bfd7d8629067,https://img01.ztat.net/article/spp-media-p1/77a721ccf65134f1a3ecdf20e9b192a5/b312fdb34a6642a5a7821e0bd5fe2a76.jpg?imwidth=156
ed6b12de-e77e-46b4-aa81-edd462445307,https://img01.ztat.net/article/spp-media-p1/b58b963bd0233338ae38b6f5b459f591/eb0e723b2058424e9a31aa5c1f372c09.jpg?imwidth=156
191397be-ca26-4587-b437-9275865d827a,https://img01.ztat.net/article/spp-media-p1/a50a887668023c27919ab9ddaec807fa/4f9133731ab34e4ca709e7a6afe957c4.jpg?imwidth=156
3e6a9377-1928-4b35-9620-4295d7edf836,https://img01.ztat.net/article/spp-media-p1/bad0551991073210882fb500a35c5ba2/af19890ce8a74478ac96cd01413cb907.jpg?imwidth=156
71acfa80-04ad-47e8-a112-997b2555415b,https://img01.ztat.net/article/spp-media-p1/0519606dabd24d0a8e77e7fb92688027/f4633479dae1406bbd1043dfd8715956.jpg?imwidth=156
508dab77-79fc-41a3-af57-836b1be74492,https://img01.ztat.net/article/spp-media-p1/4e9e117bdc3d362cb51d6f27c8624705/5f8d82efca554391a5786d850863e99f.jpg?imwidth=156
f496c589-1809-4e13-b808-0a556536a364,https://img01.ztat.net/article/spp-media-p1/60fc0b3772a73c0385cf3412db704b6c/b46a1dde386f4a5a87110657fb049b25.jpg?imwidth=156
1b077156-5be7-44a2-a747-b2efaf6fba4c,https://img01.ztat.net/article/spp-media-p1/540f085a322436be982de4dbb595878b/344ff5f8f3704eb4be97da79573e566a.jpg?imwidth=156
0ec1e314-8676-4773-add2-62169cbb6b4e,https://img01.ztat.net/article/spp-media-p1/ff63a17387d33a66bd1dfd4f7e0910a0/77ba81e522b54f1b83d5a67056a92771.jpg?imwidth=156
a758a2ce-85a4-4945-a7ee-d3bc25078af1,https://img01.ztat.net/article/spp-media-p1/3cab60354ef23d598cbd1f68991e6378/40a0935571fb48928fbb2b64a00dc290.jpg?imwidth=156
0f3bd435-5129-4e82-a120-6ade48750065,https://img01.ztat.net/article/spp-media-p1/3234c3bbcab134d0ac2f46b35731fb9f/494b8ce6c780444094639b558fcbc744.jpg?imwidth=156
782ad24a-e5c2-49c5-b543-9bc429a116ab,https://img01.ztat.net/article/spp-media-p1/b58b963bd0233338ae38b6f5b459f591/eb0e723b2058424e9a31aa5c1f372c09.jpg?imwidth=156
2df7b801-0501-456b-9eb1-89f3740416e7,https://img01.ztat.net/article/spp-media-p1/640e716404d541b48a9a261b493eaf5d/8cb6809abf4a4798ba32707cf33d0ba7.jpg?imwidth=156&filter=packshot
1fbc4601-c84c-47f6-8104-c3d5db43c19c,https://img01.ztat.net/article/spp-media-p1/245de6a493284a0ea8727f5d5b6cddc1/cdc07bf6191947e89128afecd8e35159.jpg?imwidth=156
8ebf04b1-df7a-46b3-9eea-8465a4604b36,https://img01.ztat.net/article/spp-media-p1/a50a887668023c27919ab9ddaec807fa/4f9133731ab34e4ca709e7a6afe957c4.jpg?imwidth=156
3e0a9bca-a213-4bac-86d7-1013033e42a2,https://img01.ztat.net/article/spp-media-p1/bad0551991073210882fb500a35c5ba2/af19890ce8a74478ac96cd01413cb907.jpg?imwidth=156
5c9c3413-f8ff-4a92-b084-139238556990,https://img01.ztat.net/article/spp-media-p1/0519606dabd24d0a8e77e7fb92688027/f4633479dae1406bbd1043dfd8715956.jpg?imwidth=156
667b239b-0621-4c68-81af-485163dfb7e9,https://img01.ztat.net/article/spp-media-p1/fd50fef5d67f377b9e88f46428e1b199/e2a93f68ed2a4eee8729a05e58c4c144.jpg?imwidth=156
05cc8b98-32bf-4992-bc0a-e9bda04965b5,https://img01.ztat.net/article/spp-media-p1/4e9e117bdc3d362cb51d6f27c8624705/5f8d82efca554391a5786d850863e99f.jpg?imwidth=156
b4a3fba1-e1b0-47ef-9d48-e788e7c1292b,https://img01.ztat.net/article/spp-media-p1/70c2d609ed8633fdaaff4e98758c64f6/1b63040eae84417d88e6e46444f6e50a.jpg?imwidth=156
755e5a63-d616-443c-b822-c3d86a765d11,https://img01.ztat.net/article/spp-media-p1/5b2d3555f9f6474d8eabf258947af41b/9b727a3d815a41bfb50e335db0f4a10a.jpg?imwidth=156
540ab9de-8a1d-4437-9dbb-3eccf1063682,https://img01.ztat.net/article/spp-media-p1/37cc250f959f4bfca381692888290dc1/c7d1ef1643124df291120214cb1498b9.jpg?imwidth=156
53f8be26-3a23-42d8-9f4e-4af68627a54b,https://img01.ztat.net/article/spp-media-p1/185af28f023a4ffca8e468184619b942/64a7524027ee4441871cb21ec70b3320.jpg?imwidth=156
2e7e1d7e-aa17-42da-b77b-9602428f6638,https://img01.ztat.net/article/spp-media-p1/222924450924458287ffeb50893befae/826566614b814b4ba5ddc50b2dc5dc3d.jpg?imwidth=156
7b64eb3f-cc23-4ec9-b6e7-8f8b2c56828a,https://img01.ztat.net/article/spp-media-p1/9c766d7e3acc3b659a3cf761f7551d29/820545dc48a844a08a934d2108078867.jpg?imwidth=156
58dee4e7-0dcd-42ed-bfa8-b29b095cc495,https://img01.ztat.net/article/spp-media-p1/3d1a2a4464424ff0a2e4b718bd902b36/1a5e1f57b0cf449e97fce1d8136f52cc.jpg?imwidth=156
b57fd040-b778-48c2-acae-558e840294ea,https://img01.ztat.net/article/spp-media-p1/a45d0f52419445588a916b699efedaf3/f44223cf7e5d43e78431643c45943b20.jpg?imwidth=156&filter=packshot
d86c8714-03c1-4d70-88b1-a25ed487c07b,https://img01.ztat.net/article/spp-media-p1/60fc0b3772a73c0385cf3412db704b6c/b46a1dde386f4a5a87110657fb049b25.jpg?imwidth=156
51ece064-e0f1-44b5-8023-42931b716d88,https://img01.ztat.net/article/spp-media-p1/ce5a02f6157b4fb9a2f73ab0f5e538f9/b0c1bf05f1804bb99f73a3eb8d339e75.jpg?imwidth=156
db93ce2b-0912-47c7-ad4c-d4ddc625ceac,https://img01.ztat.net/article/spp-media-p1/18edb033895f491facc2dedc27200e24/0aa9a4999b2f4de5a6adfef88c6dd7c9.jpg?imwidth=156
c28aff56-064d-4753-9429-5f3618789d93,https://img01.ztat.net/article/spp-media-p1/c7817807188849339b79566f91a11fbc/e02e7df4f114403fbf47d88886969db5.jpg?imwidth=156
063acdb5-baa0-41a0-8953-68cd9a778acf,https://img01.ztat.net/article/spp-media-p1/6f6c1b282f94404e90b88b4ccafa9347/08c4b93c31ae4c70a131789ca08c410f.jpg?imwidth=156
9ff11958-7728-4c17-aaa0-c54e6b5aea38,https://img01.ztat.net/article/spp-media-p1/3ea50e5d64ac315f85fbcd450e67d9b4/299f670f1ac044398a81a9d31b2f4776.jpg?imwidth=156
836fe4c4-03c0-4ac2-82e8-f2dcb29f47f5,https://img01.ztat.net/article/spp-media-p1/98ee01400df832ef9dcc63d26ca0ee6f/e2adc00eef50463c811d78f4de8f8ae9.jpg?imwidth=156
73e5ae4d-ac48-465c-b359-d2315351b90e,https://img01.ztat.net/article/spp-media-p1/35ceb9ffe2b046acabf091353c2a8633/e4c354076dc74469915de1faa4a7a6a9.jpg?imwidth=156&filter=packshot
5dbc346e-63db-4606-a7b4-27c4a0805294,https://img01.ztat.net/article/spp-media-p1/6c576778e9d23948951799d5c76125db/9a5777ffa4504b9685c5faeeeb3a4ad9.jpg?imwidth=156
c6d8f89c-5052-470a-aba7-d7ec387b5c8e,https://img01.ztat.net/article/spp-media-p1/351da5922b02480fa265d82ee0463ab3/21f2988695e847c19b953c052f62300a.jpg?imwidth=156
4027ed5a-17bf-47f1-9c03-7486b4eed7a5,https://img01.ztat.net/article/spp-media-p1/9a91c212274a45d98faf534e94e76a23/c8af49877993401ea2a8ddfcbaa8a5fd.jpg?imwidth=156
62c9fcb9-1ae9-4609-ae09-66ec50d08037,https://img01.ztat.net/article/spp-media-p1/dd4f4435b6c1481394939e6e3ebd1cbc/ad592f8aa10c42c08ed1863c20e93511.jpg?imwidth=156
19d3e316-5984-4a6d-9d35-629d5f8b2dfe,https://img01.ztat.net/article/spp-media-p1/a810384e4e6233058f3b74b5106a8dd6/762b4c072a884acf8c09067bee472f46.jpg?imwidth=156
775cea90-0620-43e1-b081-b88db86cc4a7,https://img01.ztat.net/article/spp-media-p1/ac7f08377ba447169c10af9e1731d463/c661d1e3c864447eb509c2e31c6d4022.jpg?imwidth=156
f9cef951-be93-464f-810e-c629e0ed1485,https://img01.ztat.net/article/spp-media-p1/a43cebe3a8a13c4c882691b5541ca708/e55ff777b175456882c592ff15705bfc.jpg?imwidth=156
f1671bdb-ab89-4549-930c-027933add641,https://img01.ztat.net/article/spp-media-p1/b413b515f6173fabb1cf50d044785734/52a9c119c111435da2dbc4596aba2d0b.jpg?imwidth=156
39b7a441-3acc-4e81-9e0f-94e88de0b90d,https://img01.ztat.net/article/spp-media-p1/ed93f746e2284179817477b5435dd3ef/654774c09225483f93c634dd74f79729.jpg?imwidth=156
bf8d444d-b340-45d6-9f33-239fa6b4212b,https://img01.ztat.net/article/spp-media-p1/219e75d59ea2373e94856a21ba431efa/0a8822a0f6094dde807c1d5848720791.jpg?imwidth=156
1aedec5b-c29e-4428-819d-94dc8d78a7e0,https://img01.ztat.net/article/spp-media-p1/3acdf8fa43d93f2ebdd6080b45f00a0d/074f615f2e924ba0bd026afca9d0c038.jpg?imwidth=156
48783cf0-cf82-442a-b99e-5f09c598ce83,https://img01.ztat.net/article/spp-media-p1/343c411db7293c9ebf5d8ec2538a45be/4ce48da928c040b5a694f67b1ad1db70.jpg?imwidth=156
577dca3f-f15d-4a52-b33c-798753a342f1,https://img01.ztat.net/article/spp-media-p1/4901a86c3b094b378173f9e6fe7d5e14/0d2a32da8349445286edf4a54f538b02.jpg?imwidth=156&filter=packshot
45e5002a-9d29-45cf-b05f-af55438d0dfd,https://img01.ztat.net/article/spp-media-p1/d5135b7004144c88ac63dd89e47db240/527279de6e8d4bf089d67bb62a335c05.jpg?imwidth=156
9e99864e-dd26-4dc7-b938-a67e72e447b2,https://img01.ztat.net/article/spp-media-p1/c3576cf04f6d4c73806fb71a781766a9/f59f6cda99214a338014c12669edaea4.jpg?imwidth=156&filter=packshot
837422ad-2ede-49fb-8e54-6cf1ed691200,https://img01.ztat.net/article/spp-media-p1/9011e8202c1b360d92859f33ea132c91/916d90141317404e84ea7493723ccd70.jpg?imwidth=156
6285ab98-7467-44e6-bcd4-fe397d8d8f97,https://img01.ztat.net/article/spp-media-p1/f1b8396129c74a54a4c286e27ef95042/c0078c695b064cbb8065aa8dd55bca1e.jpg?imwidth=156
ae0bc089-a99b-4fa1-82c2-2249343f53f9,https://img01.ztat.net/article/spp-media-p1/b1e6bbf67a014549b9674bf7d22bf80c/83b5022e6f4c431f8449c463ae080b36.jpg?imwidth=156&filter=packshot
355c1fdd-fee5-4118-8425-242b84ad4530,https://img01.ztat.net/article/spp-media-p1/4e9e117bdc3d362cb51d6f27c8624705/5f8d82efca554391a5786d850863e99f.jpg?imwidth=156
9242e896-e053-4fda-9e71-09e678b77f5f,https://img01.ztat.net/article/spp-media-p1/18edb033895f491facc2dedc27200e24/0aa9a4999b2f4de5a6adfef88c6dd7c9.jpg?imwidth=156
6f87d4e1-4cf5-41c8-8bd6-281d710fc7a2,https://img01.ztat.net/article/spp-media-p1/b413b515f6173fabb1cf50d044785734/52a9c119c111435da2dbc4596aba2d0b.jpg?imwidth=156
6c1c512a-c417-4c8c-852d-542bf25588f7,https://img01.ztat.net/article/spp-media-p1/219e75d59ea2373e94856a21ba431efa/0a8822a0f6094dde807c1d5848720791.jpg?imwidth=156
ac0c478b-02b7-4d82-ac73-94717d44f8ba,https://img01.ztat.net/article/spp-media-p1/9011e8202c1b360d92859f33ea132c91/916d90141317404e84ea7493723ccd70.jpg?imwidth=156
e80922d8-6b02-4091-9368-42a438d8c655,https://img01.ztat.net/article/spp-media-p1/167cdf03277e467e84ecab672cd6c0b7/291624400c1f4235a5666630879db1e1.jpg?imwidth=156
21d8c475-5a05-44b2-8a38-06dfae79a675,https://img01.ztat.net/article/spp-media-p1/f7abdf474ec442ea8112dd70703d7d6f/b1c639caec9f4abf888b36f9b58c3dee.jpg?imwidth=156&filter=packshot
25f93f4d-a0d1-480b-bbb3-bd421a8b9c96,https://img01.ztat.net/article/spp-media-p1/44806a34110f48d5abcda1805dce8150/467e89f06a1648aa9ce0a75589ee4047.jpg?imwidth=156
06601bdb-b5b2-410d-935c-ebbdf80ae4f4,https://img01.ztat.net/article/spp-media-p1/84543ba67e1136289b540f79e6b91963/329922927e9b4f2e90d457cc0511bf45.jpg?imwidth=156
f2dc1605-b583-40ac-899f-6d049e4db3ca,https://img01.ztat.net/article/spp-media-p1/e9f0e1cabe8c49ea899297ce6cbab13c/e671dacfc61e476798b0ef4f0dbffa85.jpg?imwidth=156
1829dc1c-b765-4e8d-853f-f334467a3350,https://img01.ztat.net/article/spp-media-p1/d92d6b27404e407c97fcfde19fb40fbd/91308cdb90854f6eb6587fbc7a5e6162.jpg?imwidth=156
623d142d-ed27-4f50-a322-cef69a524f1f,https://img01.ztat.net/article/spp-media-p1/d1b3f4ad4e77491fa33bccb288ce4e1e/1ceb154cea6f4e11afba46ee7131e934.jpg?imwidth=156
3f0c8d7d-dc23-4787-aed2-2aaf6222cac9,https://img01.ztat.net/article/spp-media-p1/167cdf03277e467e84ecab672cd6c0b7/291624400c1f4235a5666630879db1e1.jpg?imwidth=156
555c7fe9-9df6-4b01-b8b0-91c671b5deba,https://img01.ztat.net/article/spp-media-p1/37b1eea161433f2fae6826705bca4fd4/6fd0c569626442b9bb3577440195d931.jpg?imwidth=156
18bf0fc4-0213-4c5f-808c-178613c7289f,https://img01.ztat.net/article/spp-media-p1/0aab59f5f9f04ccba2b68f5f1049d962/3d62caebeb8147f794f66704163c499c.jpg?imwidth=156
5af99dfd-91fd-4d6f-8fa5-295053866dc7,https://img01.ztat.net/article/spp-media-p1/85f3d6bc8c414882823c1dc3da6c213a/be9374ce66ab4c4a8f2ba242d14352be.jpg?imwidth=156
4b088fcc-6191-4286-b9ea-f2c10bc5a5eb,https://img01.ztat.net/article/spp-media-p1/55559243b6da428190a096b8883f6463/cd96804cdfe2400e9e9bba7fc4031210.jpg?imwidth=156
728daf98-7616-4941-b4c6-016b4e5d42aa,https://img01.ztat.net/article/spp-media-p1/44f8a9eb9e2943859929bebd9d33e552/dd906b4037ed40efa9d04a863c6ef0b4.jpg?imwidth=156
f3d4ad57-c832-4b1b-b5cc-c28f6f65d53b,https://img01.ztat.net/article/spp-media-p1/c77242c9d1224630baff4fc8c326aff3/66d4bb526d294096ba55dedba67d7709.jpg?imwidth=156&filter=packshot
698e14c1-694e-4002-81e8-1a193cd98d43,https://img01.ztat.net/article/spp-media-p1/23339818bd164c89bba2371c287cdc7f/6eee3cb1aaa2427ba1ffb789e5944d22.jpg?imwidth=156
a80db0d2-6195-4632-bdcd-e4ca065d0bf6,https://img01.ztat.net/article/spp-media-p1/2693cd53b7c0484aa7bfec222f137644/fc38ad89e639426da2cc64006ea0b890.jpg?imwidth=156
7c3b93b9-a6a8-450b-ac95-3282ff2aa5ce,https://img01.ztat.net/article/spp-media-p1/b1d1b6e573484557a5386e67a2e0d196/077132871133405d992e639da1995b11.jpg?imwidth=156
d28dbc86-391c-4490-919f-ccf5d430331a,https://img01.ztat.net/article/spp-media-p1/1f68f4bae149321880da48e4c6287b04/8289e4b67ade469db385cdf6e0a5b36d.jpg?imwidth=156
813c0e23-6edd-4f05-a685-0ff5c402bbb0,https://img01.ztat.net/article/spp-media-p1/ad58f305d95e4e0c964ed5a95f2f57c7/454e4e4f2aa543978f02be7f268dfe41.jpg?imwidth=156&filter=packshot
d159472f-6554-43b7-a91e-5f59b073f362,https://img01.ztat.net/article/spp-media-p1/4e2c5b019a3c4530abd5a48ebbd9a995/f8a134cf58f44780a7bf4ee3f322d306.jpg?imwidth=156
7475b1e6-c28c-425a-bc8d-47d9c841b17a,https://img01.ztat.net/article/spp-media-p1/9e0d2b41e6d3403a817dcc29b888c4b1/8036fe4da6064c80a24c78e6e0c5c8e7.jpg?imwidth=156&filter=packshot
b74f9268-c234-4ce3-87ea-d8f3522004f6,https://img01.ztat.net/article/spp-media-p1/3acaf9a5045b362dbf5f5fb50ec68f9f/d922596bd9e2425b98996921aecb4396.jpg?imwidth=156
21e7c4e5-bccd-480c-a180-53612dd9b6d0,https://img01.ztat.net/article/spp-media-p1/77a721ccf65134f1a3ecdf20e9b192a5/b312fdb34a6642a5a7821e0bd5fe2a76.jpg?imwidth=156
98512b23-f551-4341-a601-dea83abde74f,https://img01.ztat.net/article/spp-media-p1/b58b963bd0233338ae38b6f5b459f591/eb0e723b2058424e9a31aa5c1f372c09.jpg?imwidth=156
6e025a96-50ef-4e30-908b-b60e38e9a590,https://img01.ztat.net/article/spp-media-p1/a50a887668023c27919ab9ddaec807fa/4f9133731ab34e4ca709e7a6afe957c4.jpg?imwidth=156
c6c92df0-905b-42ed-8522-48bdb91d361b,https://img01.ztat.net/article/spp-media-p1/bad0551991073210882fb500a35c5ba2/af19890ce8a74478ac96cd01413cb907.jpg?imwidth=156
5a799159-8273-426f-afa1-774a0d962949,https://img01.ztat.net/article/spp-media-p1/0519606dabd24d0a8e77e7fb92688027/f4633479dae1406bbd1043dfd8715956.jpg?imwidth=156
8af12236-4396-4198-a362-cd198027f8e3,https://img01.ztat.net/article/spp-media-p1/4e9e117bdc3d362cb51d6f27c8624705/5f8d82efca554391a5786d850863e99f.jpg?imwidth=156
c2de68af-6118-44ff-a459-99685c534e65,https://img01.ztat.net/article/spp-media-p1/60fc0b3772a73c0385cf3412db704b6c/b46a1dde386f4a5a87110657fb049b25.jpg?imwidth=156
6cffc7e7-69b2-4bb7-9d38-23a2265fa10c,https://img01.ztat.net/article/spp-media-p1/540f085a322436be982de4dbb595878b/344ff5f8f3704eb4be97da79573e566a.jpg?imwidth=156
6a459228-8d15-41bc-8197-709687060892,https://img01.ztat.net/article/spp-media-p1/ff63a17387d33a66bd1dfd4f7e0910a0/77ba81e522b54f1b83d5a67056a92771.jpg?imwidth=156
749bde88-c3bb-4d1d-9512-e243173cdf43,https://img01.ztat.net/article/spp-media-p1/3cab60354ef23d598cbd1f68991e6378/40a0935571fb48928fbb2b64a00dc290.jpg?imwidth=156
d6e29d2c-4967-4e48-8078-ab6b630d2a70,https://img01.ztat.net/article/spp-media-p1/360709a9196f4e78ae37ee3cf5ef3413/a267506a846c4c4d8447001f2b60b667.jpg?imwidth=156
e2e5c758-1973-4086-a5bf-a472079ea282,https://img01.ztat.net/article/spp-media-p1/5d25ec7495af4712818e51b2d42d7171/a2d3be62fad24ba79fcf31971b0a49a7.jpg?imwidth=156
2b9d00d6-ce54-4771-bc7a-c5aa31cf97f2,https://img01.ztat.net/article/spp-media-p1/84323c60ea92418aa2bacc71a2c47c9d/2a1cb396ad5b4609b685031cbae96f08.jpg?imwidth=156
ddff3127-8744-4abe-9f6d-15b39f0b5839,https://img01.ztat.net/article/spp-media-p1/66269ee8c01f4c1982c1d36c1596dfec/7c7ba78fe7954e1385f114df97b09c55.jpg?imwidth=156
13638f28-c708-4fa3-a1e7-44e529d57e41,https://img01.ztat.net/article/spp-media-p1/38e3b194ebca419caa8fb6710fb00e47/f7ecffc1b3e5460a8177dfde4a2867f1.jpg?imwidth=156
82edac10-7ff1-4c6e-91b8-9e1d28c211b4,https://img01.ztat.net/article/spp-media-p1/512b462c509b44c1ad5389825c979352/214da19777f24ef1a46bfe42a72267c5.jpg?imwidth=156
d32bd7ab-9473-4931-abca-ec3cc5085304,https://img01.ztat.net/article/spp-media-p1/28d793c514c74a59ba12946306e38a7c/9e74b6ce632f4abe9c360895ea029001.jpg?imwidth=156&filter=packshot
b4e61ec9-73a7-4854-b378-2edb8352df1e,https://img01.ztat.net/article/spp-media-p1/828989fac91044d7aa9c4a61e0102531/75762731d52c4f2faa1290bb84a0eaae.jpg?imwidth=156
eee0f82a-8ba3-4bd8-a59d-49a40aa2dbeb,https://img01.ztat.net/article/spp-media-p1/f94a8082df573e08943d5ed803750d58/cb4e3e5eae544508a705fe60f9cbd333.jpg?imwidth=156
0f0d3b5b-d25e-4081-afb5-006e16378f58,https://img01.ztat.net/article/spp-media-p1/534068386d983ca19e6e9a73c40d117b/cd70fb4ce8e847d88d1391bd1b69a838.jpg?imwidth=156
fd2690b0-fcab-4f2f-997a-a7234f0d46e3,https://img01.ztat.net/article/spp-media-p1/f2ebc3b686d84fd88fda62ab367fa82f/07eb5a97efc84b20b4c227bb5b051c17.jpg?imwidth=156
63ecd3ba-064b-40a0-b9df-d717d3b938fe,https://img01.ztat.net/article/spp-media-p1/f4d84aba359540209c6905cd50710eb5/5e6fcaaa20594e55b18362cfd5b8e383.jpg?imwidth=156
7f5013fd-94d6-4be0-b286-fc710510d9d9,https://img01.ztat.net/article/spp-media-p1/5d84764f6e5534a992f600bde1af48da/e3ec99ae170a456da6a5ad9150192d2a.jpg?imwidth=156
adda2597-b9ad-44fe-8078-2ab8e277fe87,https://img01.ztat.net/article/spp-media-p1/b8cfeee184dc43fda1f0f5e0ce903626/5d5fb15a664b4a0a8ace42855d34fce5.jpg?imwidth=156
0d649301-3e05-47b7-a7e5-d8fe16b0c4e8,https://img01.ztat.net/article/spp-media-p1/cecb5a08b32f399189e6041a244dbb7f/6d4fcc21cdef4bc993d9bfe54a2ae312.jpg?imwidth=156
3a843b85-a146-4b3d-9449-1ed0b11591a3,https://img01.ztat.net/article/spp-media-p1/9e21d4e0542545cfa6bd411af8f3a82c/7f5bb3af54db4e699c9108b4cd7a2874.jpg?imwidth=156
0910ed7d-dde3-400c-bef1-922587465356,https://img01.ztat.net/article/spp-media-p1/248d1cc0daa034b3bfd6ca8d74d60b58/b2b3471e2338431fa978f0394be34f82.jpg?imwidth=156
d6dd68e8-1e27-4399-9aef-5e5b422c25ca,https://img01.ztat.net/article/spp-media-p1/dfa0861cd1e84cf38b73d7c9486644c2/3f37a29093764a5da9db803108d3096c.jpg?imwidth=156
51459f0d-e4b1-46b6-acbd-4e15ddc4f3b2,https://img01.ztat.net/article/spp-media-p1/590c9391845334668fc5724820b63d12/5a51c2e9ba58462f904a8ccbe9642a3f.jpg?imwidth=156
9b7dac4a-3792-45f0-9ddb-84c928cfd06a,https://img01.ztat.net/article/spp-media-p1/c325ec86e93547f58cd718b63dd0e79a/64c27deba51945f98e20d7ba1125b632.jpg?imwidth=156
70288a51-6722-40b3-bd3b-7046c1d133d3,https://img01.ztat.net/article/spp-media-p1/6acd7605a9f1428ca1719d7e75198a6f/cd20a2024de340a590a5694a4da9eee2.jpg?imwidth=156
a547aff5-aef8-4851-85c0-e73b9b728582,https://img01.ztat.net/article/spp-media-p1/da8338b5fdc445d08973c7e3434bbb3e/066118e831ba4e9fa663fed89ed52e52.jpg?imwidth=156
7d65e61c-543d-42a2-a66f-9c85388e9cb0,https://img01.ztat.net/article/spp-media-p1/c6d8a233f68f47e0a827c84a0e5a2ed0/5377aec7a59c4aaa808d0a1f8204264b.jpg?imwidth=156
2192b1f0-6f62-478d-8c78-a15bd3b0ad1e,https://img01.ztat.net/article/spp-media-p1/e6bf154e8c044175b31527311087a87e/5519d95924af40e69fbabc973f6c1e5f.jpg?imwidth=156&filter=packshot
3bb129b5-cbcb-45d4-bc64-29b23915b3a1,https://img01.ztat.net/article/spp-media-p1/9b7e596dafe54737ae59ef8c4bc39216/e6e0124a9c734284a1c9b81eb9e56063.jpg?imwidth=156
08d6f149-5386-41b5-888b-0476d4affef4,https://img01.ztat.net/article/spp-media-p1/9da6f3471c8a3ac3b4a5ecbce787db8c/4bff3776a36c438eb529c17b31b8b9b8.jpg?imwidth=156
a2f4b9df-619e-40a7-a097-d0204c52a2a2,https://img01.ztat.net/article/spp-media-p1/4132917199564bc695e3335bd0289daf/5d27f3221c884a23b58038da526d650a.jpg?imwidth=156
111efb6e-0c5f-4ddf-8ecf-cd211b5a2a3c,https://img01.ztat.net/article/spp-media-p1/f2aaed19ba3b46afb1ca7d6f0eba185c/abbef2a3efe34cf2a86355a4b19c59bf.jpg?imwidth=156&filter=packshot
ce1b338f-395a-4461-9764-aeaf4b3b581b,https://img01.ztat.net/article/spp-media-p1/4b9d6f35fc9d3811a7ccc4c4fb682c95/65dd6c47c4774ca3a2525c9efa13abf6.jpg?imwidth=156
b544d1a4-b1fe-4335-a565-7022437e2a07,https://img01.ztat.net/article/spp-media-p1/d912939d502630528d854e5716e33fdf/ac4e6ee68482404abac047c42312bb9e.jpg?imwidth=156
007fb563-c9d9-42ae-b5e6-504b85715e63,https://img01.ztat.net/article/spp-media-p1/87e7adb9225147629ec255db659eabcf/0d8d0eeaa4984bb0b2f8e03d85021208.jpg?imwidth=156&filter=packshot
c364bb4c-1f2e-4c66-bbf2-174cce55096e,https://img01.ztat.net/article/spp-media-p1/ec74b9a20c734a43a835e8d7c6d67c9c/129664461a1d4b9988ccf1a853eba43f.jpg?imwidth=156
e5b71f01-9fa7-4780-9a4b-3092b0926288,https://img01.ztat.net/article/spp-media-p1/d7c83610503a3555818c1bcbbedcb682/e05772ac8f6a48b59bd4a1b8209fccc3.jpg?imwidth=156
52580985-8307-461b-8954-f9ceef1de92e,https://img01.ztat.net/article/spp-media-p1/e6ed6320f90e434495554b5fa2b20cf4/96bf8f97e48040a492f8b281fc421024.jpg?imwidth=156
ce4fa1f2-8099-44bf-9b9a-323384ac0a1b,https://img01.ztat.net/article/spp-media-p1/8c105dbd287a41deb8ec0483260d19e6/0ecfff6bb84949b680bbfba18a65571d.jpg?imwidth=156
d0a6d184-5963-449d-bb4b-17a7e8098a2c,https://img01.ztat.net/article/spp-media-p1/c47e1566dc9f42a88d7ef828e76d596e/11eb1347f7424c3b8047650d493c7d54.jpg?imwidth=156
3815f2dd-28ae-4cac-b16b-fd32b5051873,https://img01.ztat.net/article/spp-media-p1/49d006c8b9594708ac4310ee58d3eaaf/ced611ba201f46acbd4fa88a52505162.jpg?imwidth=156&filter=packshot
be0037e0-c382-4251-bea6-a022048e341f,https://img01.ztat.net/article/spp-media-p1/d0f3ef95868d40119fd863108452a76b/77bb644c79354f51bd402322f2660302.jpg?imwidth=156
01d826d6-6fa9-4e7a-bb35-4220a8af9f26,https://img01.ztat.net/article/spp-media-p1/6b9fdd3fa35749abb7ad905171296e15/82eb3aab56ba4d39b63985bd5642432e.jpg?imwidth=156
f221d612-b69d-4eab-a5f7-cc448e84e271,https://img01.ztat.net/article/spp-media-p1/3375691755ee4618b97f514594048bda/e59346bbb83c48b589b760d675a9dfd8.jpg?imwidth=156
6ead826b-4224-4e02-b088-91cda10044e0,https://img01.ztat.net/article/spp-media-p1/18c4f6420e0a4a3392d7225a095aef3c/c38ebc8c66e7494983cf538ee9bd3856.jpg?imwidth=156
ac271179-1e7d-406d-98ae-584d444a7577,https://img01.ztat.net/article/spp-media-p1/311b7adb9fba4c7abedac5f4e1a6cbae/56aea159168a4360807c7559534027e2.jpg?imwidth=156
2b4bec54-ae08-4bfc-8971-7a6ad9587525,https://img01.ztat.net/article/spp-media-p1/9902598932603066b3f22948b3eb60da/4b30a40125224df6ba47897e938b71f5.jpg?imwidth=156
83ba089d-c8ae-4656-9006-7ea2722ae3e1,https://img01.ztat.net/article/spp-media-p1/954c62c689b248cf9299f2567432e143/1b3107ed40924791ac2b48783ad5f0d8.jpg?imwidth=156&filter=packshot
f6728cde-9cb8-4376-a24f-b72776c5ed79,https://img01.ztat.net/article/spp-media-p1/b51d7026fd353e55bdaafda644022e94/7ac5a646483c458eab89d1cc9b8610db.jpg?imwidth=156
f237f1de-f135-4787-a885-3bbffcd9cb82,https://img01.ztat.net/article/spp-media-p1/e4c4a8f574573200b3439cd9c07b8994/f47e050653fa4894b8040bd365972719.jpg?imwidth=156
a62367c4-842a-4f72-bfa8-e09cb3833323,https://img01.ztat.net/article/spp-media-p1/dab7a952cdf6447db5330d27dcee3789/03b55e04ad764cb48fdcde0ac8610bd8.jpg?imwidth=156
a02b9120-40db-4f80-9301-148b55d10801,https://img01.ztat.net/article/spp-media-p1/ec7b3463dfbb4a308e621a3f0e2b2f3a/7a4f02935dd94172ad1f6f063f7820f3.jpg?imwidth=156&filter=packshot
2ac3ca37-8e0e-41c7-8172-11606088d2ca,https://img01.ztat.net/article/spp-media-p1/8faf16fa5b8948ad8099df3de89b3bbe/9a8bbc73f5704316a59972063a07b3b8.jpg?imwidth=156&filter=packshot
c0e5f661-89aa-40c1-823d-c86ac31f660a,https://img01.ztat.net/article/spp-media-p1/c93a0da185f3453c8d4997cc698cfa72/7113eb56d0224a2babd7e3a8775b7ffc.jpg?imwidth=156
5e7ab4c0-8603-4ad3-90ff-a7841eeec5ff,https://img01.ztat.net/article/spp-media-p1/1e69bdbbcd383018a3e44d64d2b9a6d4/cba90d9773ec4c18b4755ef1f53a8933.jpg?imwidth=156
30da546c-90f1-433d-a1a5-f63a8641ae46,https://img01.ztat.net/article/spp-media-p1/5820390e956c4114ab301515ef248709/cb4a650432394000a156e77123db250d.jpg?imwidth=156
e689620c-325b-4230-8370-f1ac70493b88,https://img01.ztat.net/article/spp-media-p1/df7e76a5ed6649fb958ad18b6c50e4f4/8cad33c70b3740f690591ffd0eef5981.jpg?imwidth=156
d325f79d-dc83-4246-b91f-2a753563730e,https://img01.ztat.net/article/spp-media-p1/19db805305504cc29d07b8b488632062/65a85692a1f249cfa000e78d7064fd10.jpg?imwidth=156
e2f54a43-3190-4520-bc90-938d32f21d07,https://img01.ztat.net/article/spp-media-p1/96407544bdc03fe485b7324e89ac9888/7cdf5ea3a2e645439349ed8b66452f50.jpg?imwidth=156
d6714eb0-2d61-493c-8c39-a8401e6d5453,https://img01.ztat.net/article/spp-media-p1/6d8bbe7f874449259fe76451d845c806/e671c0718b904312ae8b6812f73f1faf.jpg?imwidth=156
ae16a96b-322f-48a5-a279-76c0587572f1,https://img01.ztat.net/article/spp-media-p1/5df4a3fd1da246cf882e77777b03e4f9/84a080a904e2422fb820656e3c35a7b5.jpg?imwidth=156
c55461e9-ab70-438c-a24b-625fe98f7e64,https://img01.ztat.net/article/spp-media-p1/45ba1ddae4a34c6993156f1d8236246e/53d5737b0b4c40ebb943b1ca42e1de6c.jpg?imwidth=156&filter=packshot
6af20a50-9476-47d0-829c-c29f07ed891e,https://img01.ztat.net/article/spp-media-p1/3752ee32233836d998f041e6598a79d0/666351f8bb3948f58f2bc7b3515f1f75.jpg?imwidth=156
ceca9d17-3802-4521-9a80-fdc88d3be193,https://img01.ztat.net/article/spp-media-p1/95d4c49c5595482d824b06227ce0069a/a087b46938fd463e9277ac1c1952ceb4.jpg?imwidth=156&filter=packshot
453df328-b51d-45fb-b971-bcb9d4751dd2,https://img01.ztat.net/article/spp-media-p1/51fec61cd2db322fa733aead16cff8d8/6c98492394a84fc68555ecd7284a0d33.jpg?imwidth=156
d1ab8395-cc3b-4d30-aaa9-201d5cc609d8,https://img01.ztat.net/article/spp-media-p1/74924154c9203a0184a2a7e5b5774ab6/4872987e3c8b4e658fb856ce81985f1a.jpg?imwidth=156
6d9ac93a-a114-4aab-8157-197f494b535f,https://img01.ztat.net/article/spp-media-p1/2ce12efac977409a979f567a0fc66fbc/ac6717140a684d29b74b34c1c2f653a0.jpg?imwidth=156
86421cab-6881-491e-a64f-a723c27ba8b6,https://img01.ztat.net/article/spp-media-p1/38a93e65cf963d8a87b20b9d27bfeba5/4c3c9208bef8460eb5b45cd34cc26753.jpg?imwidth=156
5bd4e0f6-e80a-4667-9d69-88658d429c22,https://img01.ztat.net/article/spp-media-p1/a0f47cfba7d64b64b20e90eb05be27a9/1ccc41b6d3814958a33d173d883d45a7.jpg?imwidth=156
d877d282-1a39-4a00-b3f4-4dcac393b511,https://img01.ztat.net/article/spp-media-p1/360709a9196f4e78ae37ee3cf5ef3413/a267506a846c4c4d8447001f2b60b667.jpg?imwidth=156
57488fb7-1947-4c33-8c5c-ae33d12c4e67,https://img01.ztat.net/article/spp-media-p1/5d25ec7495af4712818e51b2d42d7171/a2d3be62fad24ba79fcf31971b0a49a7.jpg?imwidth=156
83a89ccd-3253-4e2a-b1d7-8d5f5c7d61ca,https://img01.ztat.net/article/spp-media-p1/84323c60ea92418aa2bacc71a2c47c9d/2a1cb396ad5b4609b685031cbae96f08.jpg?imwidth=156
89daec70-d881-4130-815f-3e46d0b56c5c,https://img01.ztat.net/article/spp-media-p1/66269ee8c01f4c1982c1d36c1596dfec/7c7ba78fe7954e1385f114df97b09c55.jpg?imwidth=156
d6c6d452-61e7-4ffa-9393-11f86ebc82e4,https://img01.ztat.net/article/spp-media-p1/38e3b194ebca419caa8fb6710fb00e47/f7ecffc1b3e5460a8177dfde4a2867f1.jpg?imwidth=156
cbf420fa-a520-4e23-b663-8b8dc1377f38,https://img01.ztat.net/article/spp-media-p1/512b462c509b44c1ad5389825c979352/214da19777f24ef1a46bfe42a72267c5.jpg?imwidth=156
e9ae5e7b-50a7-452a-a98b-227a7d60d677,https://img01.ztat.net/article/spp-media-p1/0f1ca60d9e9b46bbbcc946df3f94f3fe/aa04c737002d468c99ee2c1300d915a2.jpg?imwidth=156
db94fdc3-6c1c-47b5-b82f-cd7c30710516,https://img01.ztat.net/article/spp-media-p1/baf0529e58f13265bc3dda66abd12357/48b497366c944fa89acf3bdf70bb642f.jpg?imwidth=156
1b6e4d4d-e720-4667-b73a-dc18db10af78,https://img01.ztat.net/article/spp-media-p1/04ac4f8079914e6a846763f5f2ff5791/ed9f85098a874017b0533f605408de37.jpg?imwidth=156
eecc995e-3b91-48c1-8957-8e284db422a0,https://img01.ztat.net/article/spp-media-p1/4b6458bb73904a3a8baf69850b1a45cf/52348b33e2bc416a8256c4ee94b5d36d.jpg?imwidth=156
e329e3b5-4f34-4541-b5b0-079dec3d3eac,https://img01.ztat.net/article/spp-media-p1/4872f0aabd6147519c455e500410a6d6/150588bae0bc450882feb105186f6fb8.jpg?imwidth=156&filter=packshot
4086c7b8-6bd3-4321-8caf-df9a9e546813,https://img01.ztat.net/article/spp-media-p1/31556afac7fb47afb878a91f88ebf323/f9913b1db4644a5a8e61cf60bd66aa77.jpg?imwidth=156
8895ebf3-0170-4363-9314-09771d831af7,https://img01.ztat.net/article/spp-media-p1/471cee7debe9466ba93395fd018664a1/baa7c690593a46849308d65f50397fca.jpg?imwidth=156
ae718673-8f9f-48a2-9606-994b693a2583,https://img01.ztat.net/article/spp-media-p1/cff6b149776e3a62b3909a071f65e859/463997673fd945b393aa8cf274a9f673.jpg?imwidth=156
0ee7535b-31df-4f3b-9cc8-482801092c13,https://img01.ztat.net/article/spp-media-p1/205b340fc2994f6bbcb08ef9341e6f20/fbd88fbe0245442fb969dbe999ae7a6c.jpg?imwidth=156
8e988aa8-81e3-4052-926b-e2f6c2962397,https://img01.ztat.net/article/spp-media-p1/df6aef1ff7433509a58bb982b96b9807/f8db32b329f64ca7a5bff641a17f39df.jpg?imwidth=156
76211abf-1b20-45cf-b3ec-119fd519557b,https://img01.ztat.net/article/spp-media-p1/4fe7bb490c4e486bbba6be2a40f3d12b/97205fe0f9cd4949bc79aed9cbf1f3f6.jpg?imwidth=156
4af32d4b-28ac-4645-a320-c2e24face83a,https://img01.ztat.net/article/spp-media-p1/e270d429a92831f598d61fafa9868b80/eb3fc75494bb4d86be24eee4adbfd842.jpg?imwidth=156
3ecf2de6-d590-45ac-97d5-475e488ba78b,https://img01.ztat.net/article/spp-media-p1/bf4fa71757cb47e3a78923c046d58ce8/8a718db743874d339e570620e02e61a7.jpg?imwidth=156
574da76f-e2ab-4269-91cb-4fd610c8c89e,https://img01.ztat.net/article/spp-media-p1/3c36f03394eb4cdab490932213dfc8ca/f2264a41c4c442c8998435230eaddd02.jpg?imwidth=156
ac678fd7-4a26-4e3a-a9e4-17f643e9c5df,https://img01.ztat.net/article/spp-media-p1/5a07d266183d3e86b47d95e3b468f7ea/6f8f9ff4942647828e7a5e29260a3ce7.jpg?imwidth=156
0d5476b3-b338-4045-be8f-818acf1f25c3,https://img01.ztat.net/article/spp-media-p1/7c25ea6ab2de4f11ada6e6b426ec5ded/9a2986925f904c3a80290d442d1a3de8.jpg?imwidth=156
6b87be9f-6de4-43b0-8e72-da09a5703849,https://img01.ztat.net/article/spp-media-p1/a2199204de7541bbbc04b6eedaf04b22/e3f6ec88e16e4e0790a235f7df6bda8a.jpg?imwidth=156
f1d80502-2cab-4588-9987-5a9d8d839ae6,https://img01.ztat.net/article/spp-media-p1/b89861f81cf147459879557081b8b446/9783e828c94e4db3822a761cfbb501c9.jpg?imwidth=156&filter=packshot
0cfea900-8a0e-4beb-880c-292ff6ac7a53,https://img01.ztat.net/article/spp-media-p1/b494dd220e6f41d4b0c45b8656ea5806/685911b36d0d465e9e5f08434cf0992b.jpg?imwidth=156&filter=packshot
e7e45918-5e04-454d-89ff-1bfe9ce120fc,https://img01.ztat.net/article/spp-media-p1/4c156a54e3a94e11b3732587ac2e0828/660fc63da7f549c584d182d3cbbb81bc.jpg?imwidth=156
e7703e0c-d739-45f7-971e-805e69f15519,https://img01.ztat.net/article/spp-media-p1/2b48e201728646fd94703edb78e3ce37/7812f9d45a5a457388b07cc1da31d85a.jpg?imwidth=156
7f4ef190-fb2f-4d0c-bcf3-c53d5fc656f9,https://img01.ztat.net/article/spp-media-p1/103d32e5147f40349bc9923e9e69b52e/730067e8ded644c1a4fbdce70a6c4f95.jpg?imwidth=156
21419e9c-9ee3-4d95-b069-ed00e16dd5c3,https://img01.ztat.net/article/spp-media-p1/69cc07b5982d41708d5bca41f7a65009/829d0ea5329d450ca0bdef7090dc3b3c.jpg?imwidth=156
b959a5c6-dfe7-4c24-b42d-5d537fe134b0,https://img01.ztat.net/article/spp-media-p1/aad98d9f0d8a3652b87d36e2325d4c93/9962e9a97fd546139b978e9b73c1af6a.jpg?imwidth=156
28cbbc61-8bf2-4401-8622-967fca5efdd3,https://img01.ztat.net/article/spp-media-p1/2d7b93945af8370fb33830a93affc787/2b4d003384d4427caca41e25b8886710.jpg?imwidth=156
66b938de-abd2-4345-bcc7-45c283392e46,https://img01.ztat.net/article/spp-media-p1/f4ec385eecda4303afce271377a075fa/3be71f16d8a44d6f9f73cb662882e131.jpg?imwidth=156&filter=packshot
98ee254e-c3e3-4c79-ab76-aea8efd158ad,https://img01.ztat.net/article/spp-media-p1/510ef5b450b3321fa5a750ca364cc9e1/e46579a300c3403f87ac2748e5c2e8d5.jpg?imwidth=156
8843128e-6d6e-4254-a842-59745b8919b2,https://img01.ztat.net/article/spp-media-p1/8578e091dfa94f579df2da09205c2fc4/75dd39704fb442228a166bd37d1c1a92.jpg?imwidth=156
943867aa-03b9-47bc-9a0c-cdd000ddb10e,https://img01.ztat.net/article/spp-media-p1/1638f1a3fe803910af740ab6c831a967/055a643ada4e486992b033fd1f296917.jpg?imwidth=156
5e974488-1f97-4aeb-b737-233c88175c20,https://img01.ztat.net/article/spp-media-p1/64de96e977e133719c89302cd5b8a71c/d3d93b1529e14c7f8002f9a9e6e5a7e0.jpg?imwidth=156
868b86a3-592c-45ac-b0f6-11890e9afffc,https://img01.ztat.net/article/spp-media-p1/51c44de58b4948ea93d0eba27739fdb7/57a84d12cdee4495bd8da5095a12b2c4.jpg?imwidth=156
65729216-bf76-40cd-9183-8788eaa31d63,https://img01.ztat.net/article/spp-media-p1/b35d5306722f4319bb8d26b0f7ea5f0f/d1297f74966a472abb5e7d2fec06da17.jpg?imwidth=156
ff5e60d0-28cd-4215-ab1c-81d3541193d9,https://img01.ztat.net/article/spp-media-p1/8fa7000904eb4c6283d34ea5ca9da3dd/1e3af7fcac1540cebf7d1e7b94d5d2dd.jpg?imwidth=156&filter=packshot
4a1b11d7-6d0e-4440-8034-1b96dc3a5fee,https://img01.ztat.net/article/spp-media-p1/72ba283d75a543beb7bd13bc8345cfee/843e68e9dc18463484af5f315ef34447.jpg?imwidth=156
dacb2285-c70f-4e9a-a751-f3b3d21b62a8,https://img01.ztat.net/article/spp-media-p1/0233ae9f520b480190632e38e9a14b5a/9cfceca56ed4486db74332e9e0cb959a.jpg?imwidth=156
f962963a-f1b1-4f73-b2ee-3adcb5053352,https://img01.ztat.net/article/spp-media-p1/1db4a86e157c4e22bb2431ef1577a44d/18261e6321864d73bfff4043e6757833.jpg?imwidth=156
591c524f-6859-477e-a6f4-b92ee03b1616,https://img01.ztat.net/article/spp-media-p1/ddc7f14ce24a49f6bbdd1d82937ee83b/a1acb59dd9034e23b86a00eaa54f4502.jpg?imwidth=156
e7e87624-beaa-41af-b8b2-ece6ea494d08,https://img01.ztat.net/article/spp-media-p1/1c15d3d9dee446dba953540d682f275b/d4193e08203740c08c4210853e001144.jpg?imwidth=156
352bed5d-0423-4031-bd22-782dd93acb3e,https://img01.ztat.net/article/spp-media-p1/281f3ca6bdf14d1c9390d176962ff231/f52b56dd1d0c4067b846d9a0a438e075.jpg?imwidth=156
2ea052f9-4374-48fa-ad54-791e99322a78,https://img01.ztat.net/article/spp-media-p1/dee5b749771831a7a9c0aacd87c528ec/fba0a97206934f0a955dc67e5e7de396.jpg?imwidth=156
e3da067a-177c-463d-ae12-adb8f6eea4e3,https://img01.ztat.net/article/spp-media-p1/0c107eb7b92c4fb781dc367cbe35d4bd/f76b39a0d75848518cd5d7935c914acf.jpg?imwidth=156&filter=packshot
f2487d92-8d27-49c0-a774-140208431eca,https://img01.ztat.net/article/spp-media-p1/45b1843f52324efd82c06971e65e0b5b/b2eba847a17f4557a6d0d22aaf3c92e7.jpg?imwidth=156&filter=packshot
390b3629-705a-4a0a-a295-3976704dc985,https://img01.ztat.net/article/spp-media-p1/66dbacaea6d5405a9404f92c44f92113/825f9def385745808192c87687d085ba.jpg?imwidth=156
75b25314-ebe4-44c3-a561-158c57f0472b,https://img01.ztat.net/article/spp-media-p1/3b19e15223734fabb53d387ddb9efa6b/cd3be545746b4208b63f73d8ea47f876.jpg?imwidth=156
d5c71ccb-1cd4-4398-b753-b09c2ff878f8,https://img01.ztat.net/article/spp-media-p1/5b6aad1f0a81344f8fe38e26bae3ab06/c0f1454b39884c73853974c82579325f.jpg?imwidth=156
c01404cd-ee24-4b5e-83d8-cfedaf889136,https://img01.ztat.net/article/spp-media-p1/4552ccc89a074e7291a7091c93e2147b/cf72899ce5db4e598d2be217e5941c1d.jpg?imwidth=156
c7d69f9b-3c27-45af-8bca-d5fa3e53a7ab,https://img01.ztat.net/article/spp-media-p1/45b50fb316993e7988b8078e1f8cc486/f1a26aa3cc7b418b97c75526b2bc64ec.jpg?imwidth=156
51fb2ff7-bf08-4da5-bd9a-1906e30d19ca,https://img01.ztat.net/article/spp-media-p1/164f866c60b73344a74e548990070131/4880a1fcb1dd4092acd24c467545c5d2.jpg?imwidth=156
cac9eb8e-d96c-49d8-95bf-7f6ac2e4e860,https://img01.ztat.net/article/spp-media-p1/86878401ae9a4cd09fdf3d2cb464c984/87f7a9a0619b4307bd5095a08a6ccf17.jpg?imwidth=156&filter=packshot
d7d6307c-70da-4313-9aff-ac6abdeebf4e,https://img01.ztat.net/article/spp-media-p1/abd138fbe7ec4153a66cdec3e74b689c/df69da379f054f6d82d6bde0ccb415c1.jpg?imwidth=156&filter=packshot
5a1f3c7b-c0c8-430f-8e4e-52b686b24364,https://img01.ztat.net/article/spp-media-p1/21121c92e8bc48e59aedee61b2938869/b33cd2681a8240e39f9d9c71ef4fd585.jpg?imwidth=156
ac39c66e-82ac-4a0f-8984-d59e4e2804c2,https://img01.ztat.net/article/spp-media-p1/c641c3c214c444a0ac7cc8e3163e1b02/1e187725b533468fa65779efe0db9588.jpg?imwidth=156
2a479116-4bc9-49f5-95b0-e37bb906f22c,https://img01.ztat.net/article/spp-media-p1/c336e93eda08371f93a3ec508f1a3bb9/018bc0d0e9e6448fab5c126ed63065d5.jpg?imwidth=156
644df5d0-0338-4ee0-b8a3-090791e08a86,https://img01.ztat.net/article/spp-media-p1/a53de69e8b094c36bc57c8e6fd187e7a/ef90f140987a4c22adfa836ae6bc208c.jpg?imwidth=156
79bde83f-6897-48bf-9a98-a23a4cd48b15,https://img01.ztat.net/article/spp-media-p1/29fe499b12bf4f608f671d815d1aca1d/66d8115688b94d788b495def4773841c.jpg?imwidth=156
d53dd6fa-2ff2-4b28-aadc-9c3747acb9de,https://img01.ztat.net/article/spp-media-p1/473f844c1b554201a375d4c671cca5e9/6dcd438f4f7a426bb1307f4a6cb90db0.jpg?imwidth=156
57249a95-53c3-406b-8c58-7900a8230513,https://img01.ztat.net/article/spp-media-p1/732d3ee1a63942748b0ff5310abbcce6/ad0b109fa98e494b9029c6af7296b3de.jpg?imwidth=156
b290c479-d03c-479f-987d-361721a360bc,https://img01.ztat.net/article/spp-media-p1/6f7b49aad0db4ec5aaddedcee089a8c7/21d7b2ac98e54a5384f3da0d1c72e857.jpg?imwidth=156
408238db-0e25-4f7b-9839-44c7ec9c5b5a,https://img01.ztat.net/article/spp-media-p1/024f40ecdc324ac7b0eee0396f131b51/f1a63cd118f64b66acba631e0103263e.jpg?imwidth=156
97c09d8e-df3a-4fdb-8168-8d42bf786a07,https://img01.ztat.net/article/spp-media-p1/12843b90079140f5b046c69c5000b7ef/f5e2cbcfc5e54c98b08021091279d96e.jpg?imwidth=156&filter=packshot
57fbd0f7-0266-4b4b-8187-099ae892e4e1,https://img01.ztat.net/article/spp-media-p1/f5b19cd70e36448db87f42f1cb130024/df421b1d60f04f8da1cc9fc3e5e3fb41.jpg?imwidth=156&filter=packshot
8293799c-43f3-4d5a-b5c0-1e225c535be7,https://img01.ztat.net/article/spp-media-p1/950296c7df673077b39d7ea063aaeacd/43318cb350884714968adeca62493f91.jpg?imwidth=156
5c583201-6619-468f-b1f7-5cd7eae3d75e,https://img01.ztat.net/article/spp-media-p1/a5f8d8fc4bf83d1587e32704057052e0/2fe3521193104e9580a7d648338ae4d8.jpg?imwidth=156
6647c713-4e45-4076-a392-50388259b90e,https://img01.ztat.net/article/spp-media-p1/b9082d33c01d47cfb04d52fba46a0adf/4f1b5af07b9e4665a21dfa78c8e52598.jpg?imwidth=156&filter=packshot
05280f49-462d-43b8-8c85-7fd13033f6cc,https://img01.ztat.net/article/spp-media-p1/2b2d404a7dfb46fa894ff5eb0986abd6/826becd3664241479f8f9d74123814bb.jpg?imwidth=156
cc5167d7-462b-4862-8b95-fcd423c2d350,https://img01.ztat.net/article/spp-media-p1/e66ec3bdfc2d3b83872f50b5fc1988e8/5e7bdeb23fbb43eb9f4f706741ceed6c.jpg?imwidth=156
2840888b-6d97-4b6c-ad83-7f4b0603b5be,https://img01.ztat.net/article/spp-media-p1/2425b5e74cc04bf19416266b1528fc78/dc7cfebec93e4187964b30c5afb254b2.jpg?imwidth=156
8b984ec6-203a-4385-a6bb-26cfa929071e,https://img01.ztat.net/article/spp-media-p1/31da5613011e477a9fd4e8a571f28922/596ccfaf27834d79b088ae409f24d04c.jpg?imwidth=156
e19df358-25f1-476e-baa6-b5852ff6db9b,https://img01.ztat.net/article/spp-media-p1/9737eab4d501328dbd0f67a7f2f30b56/36d5579322be48339ab3d110c57fce0a.jpg?imwidth=156
0009ec0a-0886-485f-a810-7a526d3ac3ae,https://img01.ztat.net/article/spp-media-p1/6e2be4ffa747499db25e282f6ff3cdbf/b4a5e1c955f74283b1209ae6ad74c67e.jpg?imwidth=156&filter=packshot
1c47c2e7-dbbd-4600-8055-cb37df68e2bb,https://img01.ztat.net/article/spp-media-p1/adf5dc295bcc424b96e89bce5cbc20ca/535a542f27f8413e806598f769367e10.jpg?imwidth=156
4a713517-6737-4cc6-b37d-1364de36033d,https://img01.ztat.net/article/spp-media-p1/7571c5a097614236aef814d10782160b/17050f818f234c35919ec3f84c152fc3.jpg?imwidth=156
26e35616-5599-4f59-9944-3fddfdb6f2af,https://img01.ztat.net/article/spp-media-p1/eba507baa7a645ec9c720f373c980de3/e769d27c9a47421badd007b469cd787d.jpg?imwidth=156
9a3c3b7d-bd4f-4cac-b0fe-b4285d4df9b9,https://img01.ztat.net/article/spp-media-p1/312fe635e66d4eefb71b524e84a58f44/393bf665307d4be48700933262122de9.jpg?imwidth=156
44ec7c16-c6be-49a3-923b-e694584c79c6,https://img01.ztat.net/article/spp-media-p1/fa4253d1dafe305abf65d02debc8af1c/43432fee8a8748a2b65aaa7fece965dd.jpg?imwidth=156
b0ee9508-b8c4-451a-a271-b34961acdcfc,https://img01.ztat.net/article/spp-media-p1/caaa904ce42f487c9466ca14dadf69db/241fd2aac84841158f7959d8d88cc895.jpg?imwidth=156
6e0a129f-7d93-4c7f-a0be-8d2e5663f634,https://img01.ztat.net/article/spp-media-p1/a8e4c6a281ec3fcbb184a4ac64bc111e/1ea492988a124ae291386fc4151474da.jpg?imwidth=156
cb3d509c-7b26-4f11-bb26-62bcaa558de2,https://img01.ztat.net/article/spp-media-p1/03823becd2d04273a19384dacbbb0b89/3eb9cbcf2d1c47d69173bed4804e024e.jpg?imwidth=156
b0c81c24-7e88-4040-8780-54df4e1d3141,https://img01.ztat.net/article/spp-media-p1/810c330646dc4cfc95a387d87b8ee9e1/cd8b22f663e34c5597b2d6c0882fbf7d.jpg?imwidth=156
db467bab-7622-4427-8704-966e97a2b1e3,https://img01.ztat.net/article/spp-media-p1/b00621e1620149c08aabbbb4667dd7ca/b7958a0347c24fa480a17d17182a1259.jpg?imwidth=156
e158461c-4f0f-48c2-b8e7-e158ff049fc0,https://img01.ztat.net/article/spp-media-p1/39e42f037d5b484d8f5269c551e71abe/acb5f20105e040088f98e59a9ab5ec74.jpg?imwidth=156
1de7fc95-1747-404a-9635-8adc10dc08c9,https://img01.ztat.net/article/spp-media-p1/3507503745863fcab70fcf7a340a03ac/b7537ccca8d74c82b6d1b0af1de95839.jpg?imwidth=156&filter=packshot
82f78128-72a2-4a6e-8445-7982b00f810e,https://img01.ztat.net/article/spp-media-p1/6ae11c3fed1c4a4eafe7d326058478f2/8562a1243ece4fcb8497e79db3bb127d.jpg?imwidth=156
a41f5e60-594e-4149-a407-23df4e2129f9,https://img01.ztat.net/article/spp-media-p1/39064314f992405e842ad92611919232/4a99d69b7d49430c8e43b47007fb077c.jpg?imwidth=156
6595af2b-1886-48b1-b93a-8aeb8266c4a5,https://img01.ztat.net/article/spp-media-p1/7063f9747b4a402b9cff2209f79e9fe7/6e0a8e736e78482c9d16de4149fe493a.jpg?imwidth=156&filter=packshot
5a1a16af-ce0b-49eb-a2ff-03594c82a0d7,https://img01.ztat.net/article/spp-media-p1/8a61df03782c48e79a146dd01cfaca20/3875f3c53f9c48b6812bce3fd7d54fce.jpg?imwidth=156
5322d192-cf15-4ab5-beb8-46339ada612b,https://img01.ztat.net/article/spp-media-p1/ac756f37dc974e40b188b70c2f1652f2/67f224e59a0543b1a00a9a18561a78cf.jpg?imwidth=156
582ed85c-84e3-4330-876f-71858c16e1ec,https://img01.ztat.net/article/spp-media-p1/caf7646b93b541f5ae112e3f5584d4fc/25ca0031ef294b52a87b43937ffe7ea5.jpg?imwidth=156
2f53d376-0848-4263-a192-936dc95132ea,https://img01.ztat.net/article/spp-media-p1/4ba77568ae104277a978329dfefac5a7/609e494a0cab47d9b0a0606bc676e1dc.jpg?imwidth=156
1b52ed9d-09bc-487d-85d4-3f374604c7aa,https://img01.ztat.net/article/spp-media-p1/fd58cbc66d724859ac96dd79b75ccb08/874cd60a27054082a110c1caa1cba774.jpg?imwidth=156
41b7e75b-20ed-43ac-afef-97e76ec49a5d,https://img01.ztat.net/article/spp-media-p1/7515852adfb432e5ab77cd90f6114d07/10ae7011244f40d9a59bc5da53431f21.jpg?imwidth=156
1ad08aed-55a8-41a2-9e73-3124483cf476,https://img01.ztat.net/article/spp-media-p1/723a8e6dd2ce4f25841d6d209f23fcad/973c61f135d44e939cb5ffa6d6364dc5.jpg?imwidth=156&filter=packshot
22c9a7dd-14ce-4d43-8b8e-f3f2c30d1f8d,https://img01.ztat.net/article/spp-media-p1/615bd5dc616d4862b9af273a4439adeb/8f5a6ab77e7942e8a0f841a390a0f0a1.jpg?imwidth=156
8188abb6-a1c8-4b13-936f-6ec1e35469b5,https://img01.ztat.net/article/spp-media-p1/109a6d7456ed32eba9a31b38918c80f7/cc4d98d60e7a447cbbb2e3da965107ff.jpg?imwidth=156
ec482d00-a0f4-483d-99f3-41c2bb9ca00f,https://img01.ztat.net/article/spp-media-p1/397ef9a6c6643e248ee715a07fc0de47/71d1a6c540254bdb9b87c421bfd4c515.jpg?imwidth=156
c4b2c4e8-3b27-41b8-8286-eb09c9b8ef8e,https://img01.ztat.net/article/spp-media-p1/d29617e29bae459dbfe9444614f541bd/554964602fb34496879f7eaa3cd44936.jpg?imwidth=156&filter=packshot
2c7e0a81-5606-41d4-963f-3867455b5df3,https://img01.ztat.net/article/spp-media-p1/69160b66ae104e43a8d0f4e775f25f25/620c6cc353d9467983071b0bee94261f.jpg?imwidth=156
88b7de1e-445a-4596-95a3-e5b7601fad80,https://img01.ztat.net/article/spp-media-p1/77ff13e6aa493bc99849a10cf2cdeeca/fc4da1c60638415d898a3f568d2dabfd.jpg?imwidth=156
7eb678a7-ff58-457a-a514-905fdfefd059,https://img01.ztat.net/article/spp-media-p1/736b5d93f6dc3b4584209d8cc6ea4593/dac7419768d74f8d97d3d2af0c742635.jpg?imwidth=156
c2899031-aaae-44f7-b1b3-19bbc90bc919,https://img01.ztat.net/article/spp-media-p1/9f0dde3017bf30d3858290c55aed8f32/29b17472a97d4e00a1d9c028faa2d75c.jpg?imwidth=156
ff5acebd-21c7-4672-ac0b-601832969131,https://img01.ztat.net/article/spp-media-p1/fd91b8057ef341a58b5db5e0dce770e2/0bcb4e68c3fd40709032fb18f4be539b.jpg?imwidth=156
aca3a34a-c8b5-4d74-8521-71be7a471bbb,https://img01.ztat.net/article/spp-media-p1/1676d59543704e9bb366de2a54710d34/c7debbebdb0b4f0eb3c8f6c02e2e86fd.jpg?imwidth=156&filter=packshot
2a853b5f-2cf8-4f10-a9ca-e9fbdc4a10d5,https://img01.ztat.net/article/spp-media-p1/8e990b81fde54274a16f40209f2cb3b0/7e2fa5f912ef444d9b67605d9acb1cbd.jpg?imwidth=156
24c375cd-c7d8-420a-a29c-f363e2d1fd7e,https://img01.ztat.net/article/spp-media-p1/9c9d5256c73a404a99267f6b370556fa/64ae6c667a5c49efbb520a1ad0034bb5.jpg?imwidth=156
5ab88c8d-6472-44b9-b6e2-6ea787aee51d,https://img01.ztat.net/article/spp-media-p1/17e0df96a1b43a558c40e8580a3f07c6/76bfa813af11405f93c9ca07954e8a19.jpg?imwidth=156
3cc36f22-25e4-4112-b18c-26facce6d59d,https://img01.ztat.net/article/spp-media-p1/2ec086efdf234013bc9fcab6c5364acd/bb3bf8469c8d4fc494d5c7a3ba0f6441.jpg?imwidth=156
3dd8b8ca-4e62-437c-bcdc-da521395943c,https://img01.ztat.net/article/spp-media-p1/3d9fb249c7c2346aa927f4cbd0a4ea6c/4e8c83372b814b30bbcf426fd1a601ec.jpg?imwidth=156
1aa363ef-3422-4b8f-a7a4-c06fd81d6a4f,https://img01.ztat.net/article/spp-media-p1/6253001acde04c978bd486a360acde63/c49c2eae223443fd8565222ef481c3fa.jpg?imwidth=156&filter=packshot
16a3a950-e628-43b5-a51d-dee948a4ce8d,https://img01.ztat.net/article/spp-media-p1/eaa600d5d3853535ab294e249959fa42/4d5e0efcbe154a91bb05a724c28aa4f5.jpg?imwidth=156
ccbfbb39-99da-4709-b437-110ed2237366,https://img01.ztat.net/article/spp-media-p1/e561d578687d47debfebb2f3bce109d0/7ef1077363aa4f3da9c083ab2f9f8bb8.jpg?imwidth=156&filter=packshot
e25641e0-340b-4d18-845e-af7da50735a4,https://img01.ztat.net/article/spp-media-p1/a6d877ca6f5335d18a03187954029d74/81f4b9b715df456cb4fab5155e89b9f7.jpg?imwidth=156
30e428c6-2273-45e5-8c40-ad56a2a76c32,https://img01.ztat.net/article/spp-media-p1/91d0c51a98f84969902308434f687a41/5a54004b8bde462cbd5a43f085ca21b0.jpg?imwidth=156
07a08ffa-0687-4fd2-9fbf-c61a8eaf82ab,https://img01.ztat.net/article/spp-media-p1/6598209c113749599fe8c72f80acbe18/11f2adedc4cc47088bc07e8f5d72a1c7.jpg?imwidth=156
6c27031c-31ab-4e0b-b1e1-d5b02acf18c5,https://img01.ztat.net/article/spp-media-p1/31e5fb22ba58420fa61ce0c8ffefb81e/af75d072bbe448f68e4302a6d0f4382d.jpg?imwidth=156&filter=packshot
1e432d74-46e4-45c3-8a1e-96906cc87a18,https://img01.ztat.net/article/spp-media-p1/c8cd80e9ffdc4cf89c3a82425429548d/a08e50f14daf471993d5678a1d8453a2.jpg?imwidth=156&filter=packshot
95d0d4a3-0192-4cf2-b661-fd72d177f6ab,https://img01.ztat.net/article/spp-media-p1/55b3d375033e34f2bf3c61576e78a5c3/31b941dfa22a43b4a943a019ddff0fc1.jpg?imwidth=156&filter=packshot
59ab8243-048f-4320-87de-d3d9aa3e71a5,https://img01.ztat.net/article/spp-media-p1/5f5ccdcee229431ab7af35f7a3db0f49/e42113f518e247958be2552efbe9edee.jpg?imwidth=156
48e44273-a73a-4b56-a593-c75249cd9c8b,https://img01.ztat.net/article/spp-media-p1/971cd164e23745e9b38f5f3e69562d09/c699e8526fef4130accfecfc3057d4b4.jpg?imwidth=156&filter=packshot
19da4eb7-adac-401b-8173-2bcb6b321666,https://img01.ztat.net/article/spp-media-p1/be03decc97cb41ba8619c77712f4d557/a5355899ac094863b536f5076de180ce.jpg?imwidth=156
f94569a5-c664-42bf-9cf6-bc58da01bf91,https://img01.ztat.net/article/spp-media-p1/a2ed85ae6d2c4869a72602800f769aa7/3672406314d74b0f9f9573a8bb182dee.jpg?imwidth=156&filter=packshot
5d97afc2-6f04-437c-8c2b-f837abe89991,https://img01.ztat.net/article/spp-media-p1/11a4f3a44a9c411fb687709a3c8becda/5d91060599a9472287be9eff988d3443.jpg?imwidth=156&filter=packshot
cdd7be88-2fe5-46c4-a98a-5da8a80d15ad,https://img01.ztat.net/article/spp-media-p1/824f4acdacdd421ea1ec423af1173939/012cf0226cf84467b9a2b5c2c45fe208.jpg?imwidth=156
03bd9868-0dc1-4f63-b2bb-5421b411d7ba,https://img01.ztat.net/article/spp-media-p1/196962888fc24e619010a4362b0fe16b/c008d44482a14ebfa6e6f117bb196fb3.jpg?imwidth=156
34103572-fa43-4489-9a1b-cf09d2dad380,https://img01.ztat.net/article/spp-media-p1/38ff6b51e8244dbdb5d73e1e744fc9d9/03fcded6b7df4a4998f6d227f460a222.jpg?imwidth=156&filter=packshot
f62682c8-cf88-422b-8f2b-9d97ff17964f,https://img01.ztat.net/article/spp-media-p1/60a2d572577c39b7892fa10e24dcc84b/d4b52d34aa3c4db69a3b7832b1c79b33.jpg?imwidth=156
eace7c8f-c4cc-48dd-9af7-55882ff604d9,https://img01.ztat.net/article/spp-media-p1/e26b42f39e3f40e6835e27f25866a278/ce3d863db29644d38c004c0e3bac5f11.jpg?imwidth=156
6c59b212-564c-4c87-b18a-028e96218f63,https://img01.ztat.net/article/spp-media-p1/3f9e727e31674550acf0a1e365f2c495/498d2170b9c54df2acce3cb466ff4671.jpg?imwidth=156&filter=packshot
15b92265-1bc0-4f12-aa05-b7e077064b90,https://img01.ztat.net/article/spp-media-p1/9e640f060dcc44aeab14a27350b9354b/73899fd473a849e5b2c39932113cf2d5.jpg?imwidth=156
a5b62aee-9d20-46a3-aefb-dc9d9012aec6,https://img01.ztat.net/article/spp-media-p1/28da163e71fc38a0b3119e7a4511c81f/20050c42517a4801be83748616708b49.jpg?imwidth=156
97258ea9-22a0-4e21-969f-71734fa243e0,https://img01.ztat.net/article/spp-media-p1/4c47d3d868864b41bc380a82f9a8ae86/caffd806a48c4d0c931b1107151197d7.jpg?imwidth=156
58c3de51-daba-422d-91ef-e2017fb5803a,https://img01.ztat.net/article/spp-media-p1/a45a3fd900eb4a42971e4745cf6a5e02/ce2eb07556f84bb6af6d273edd88e7df.jpg?imwidth=156
03f1ff09-deff-4169-acc8-d930388f1b81,https://img01.ztat.net/article/spp-media-p1/c49aa09ecb1e4fb9b2c5f42f40ab8f92/8072c1129a6b4510b0830b3c8ff5466b.jpg?imwidth=156
b6df80c8-9760-400e-922d-659f3684e140,https://img01.ztat.net/article/spp-media-p1/5dcfca752bec4acb83ccb0b54923b909/04d3f2781a3e40c181fc3f6e5c70801b.jpg?imwidth=156
a9420a42-ec85-4a44-af03-eea612d2a7e0,https://img01.ztat.net/article/spp-media-p1/fe529d0d8e2f46b9ac3ba2a6c8a1b62e/eb6a71371fff457cbf1d2d5877e32d2a.jpg?imwidth=156
7a4c88e1-956e-4b0c-a938-f6284beed2e4,https://img01.ztat.net/article/spp-media-p1/c01560d37e303874bffd7730e9dba008/b87327700a284e3f9eeedc6281b3cb78.jpg?imwidth=156
9d92e1ed-5d65-4104-8907-9c8c3de99eab,https://img01.ztat.net/article/spp-media-p1/b4e52203ede44ef68c807054a1a5f082/6e4c9497abbb4f989769e281b81015b0.jpg?imwidth=156&filter=packshot
4689fdd7-3203-4d5b-aa4c-b6cd89e53d1c,https://img01.ztat.net/article/spp-media-p1/99919a482ce84a7eb209909af1ca4397/165ab33fb2814d66a18aa02d8ed789c3.jpg?imwidth=156
34eeb10b-03ec-457c-877d-73231dc7a46b,https://img01.ztat.net/article/spp-media-p1/146ee375c5bf46f5aa5b52f01c1186e6/f675bac460cd401fb3cac5a0f0ffdedc.jpg?imwidth=156&filter=packshot
e143fec3-ac80-48d8-8040-f6e291309f30,https://img01.ztat.net/article/spp-media-p1/68040628656b4694a8e6bf7a1fd333dc/9af6c5a10bb543fea396828ec4b2567b.jpg?imwidth=156&filter=packshot
d9cf6de5-5ab0-4222-abab-f627e67abb06,https://img01.ztat.net/article/spp-media-p1/1924b6fa352c4a7383c4e2dc697a189e/5c304ddc5b1346f8bc8e99b42d850587.jpg?imwidth=156
bb088fb0-6cce-42e4-b519-3a0a6c9474ea,https://img01.ztat.net/article/spp-media-p1/ddb612026b5b4c3a88af14c1386335cd/79cc1b76a3ce4c6394568933365a8bf6.jpg?imwidth=156&filter=packshot
70cc8300-9726-493b-af2e-67e70a8e7575,https://img01.ztat.net/article/spp-media-p1/3a4529e07f4a4278bcd2f7a260237bed/cda95f85fbc94b6c99389477bcc777d6.jpg?imwidth=156
1f3295d1-eb64-4989-9e21-d35662545486,https://img01.ztat.net/article/spp-media-p1/7fe1cd8cefae4f84a08da5832b59c007/3672653d1a01451eb7ea867b6657b195.jpg?imwidth=156
4a27c249-eebd-4e47-94e4-0f2279184770,https://img01.ztat.net/article/spp-media-p1/9ceafaf75f3a4e8abd21aa12e392920d/69ebe209d24f40eaba5c1d7ae4b94920.jpg?imwidth=156&filter=packshot
37484706-7040-47f6-a9c3-958ebb97c894,https://img01.ztat.net/article/spp-media-p1/17240352867f3e2da9d22017c5518e93/5ccb15a33bbd4262a2ff4c1c8be1bf98.jpg?imwidth=156
aa35a72c-6223-4312-b65a-7d7aa0bbc51d,https://img01.ztat.net/article/spp-media-p1/7f404f736f85402096e5d58d03172933/d900d7db933a40dcad2765a93b08c20a.jpg?imwidth=156
a2453b16-420c-4a3e-b014-1f29d2425c77,https://img01.ztat.net/article/spp-media-p1/ebb328ebe0824acca8bc6cd770c8dc0a/b4dc6c1db2df4c1bbd371b9665504995.jpg?imwidth=156&filter=packshot
36d533b0-2664-438b-bc86-51d0e5b5b8a0,https://img01.ztat.net/article/spp-media-p1/8fbf86a5998f4ecabd399ee478178014/c9dba15eb4dc4f758d4cab2706f68596.jpg?imwidth=156
a0f14bf9-04e5-4b7c-903b-230ac1079a50,https://img01.ztat.net/article/spp-media-p1/3834f5fa11373ac3a431eb79249ac8f1/c400128362fb490e9df699db9e2bfeb9.jpg?imwidth=156
983e146d-74f5-40a7-8bcb-8208eb5944bc,https://img01.ztat.net/article/spp-media-p1/1414efa0692d4370b5c2f8be6ba45f7c/8657f25aa56540e88d34797b678abb54.jpg?imwidth=156
9e0f7952-16f8-4397-ae4e-7e69c8768b5b,https://img01.ztat.net/article/spp-media-p1/e14d6f5690dc36e09c39131d41a8499f/e6f81e7493b84667b3005e867722d8af.jpg?imwidth=156
416bdfc1-a2d3-4829-82d3-f2f5902ce78d,https://img01.ztat.net/article/spp-media-p1/135840b2fa7a4346a9c9096b63465586/e430815e0a6749328e8762268506a4a7.jpg?imwidth=156
78aed683-10d5-491c-a33f-6fa959e14f94,https://img01.ztat.net/article/spp-media-p1/8149df199e8f408787e6acd57cfcd877/b47db077b8c74a36a2367fcc7f19aa60.jpg?imwidth=156
6c123068-7202-4d20-b648-7733b63d6d18,https://img01.ztat.net/article/spp-media-p1/a1c82bdb06494c1baf8f5683cd488ffa/c7a363c1835a4e3085fd94801eee55bc.jpg?imwidth=156
8d146d42-31e1-4e0f-ac01-2686f7a64046,https://img01.ztat.net/article/spp-media-p1/f89678013451351c8e3240cf54ccec77/71857968f78b4bb58f8c6300f4d5c4e2.jpg?imwidth=156
49444e62-c4d4-4b00-ac8a-3ff6e2d20f3a,https://img01.ztat.net/article/spp-media-p1/e0e8be040cb340fc866e6dd96f7f581e/37f79d1af31a470da0c140624255586f.jpg?imwidth=156&filter=packshot
4dc80ff9-f332-4c86-baa2-bfc5aa9e7fdf,https://img01.ztat.net/article/spp-media-p1/8127c85001d83be9a9c6e634503a7ee7/4e8031a94f7140949bc5bee925009515.jpg?imwidth=156
2e04c503-e090-4de3-ac1c-6f3361456050,https://img01.ztat.net/article/spp-media-p1/86833db9a116440184e038a2800a854d/1b52491adc8a4c788d40113ef4b3fdb3.jpg?imwidth=156
5fabff9c-6549-4892-97a3-0a0a84d6a481,https://img01.ztat.net/article/spp-media-p1/90b82d5578c831c999af4b9cd6c6e652/14590978bc22491ab8cd642faf818654.jpg?imwidth=156
fc0cc7a9-33d9-44bd-baf3-358061c2b91a,https://img01.ztat.net/article/spp-media-p1/db6e3e56189a4a80ae896b563114fa9c/718983ad39f048e3a7900553cdaf69f7.jpg?imwidth=156
4ad20596-5e64-4b83-8e71-5b6111adca77,https://img01.ztat.net/article/spp-media-p1/bcda124994944613ab346447b54dbb24/7586b20c71b24eadb91d994b43f57895.jpg?imwidth=156
f7937838-7e00-48bc-80cc-e030e0050cb9,https://img01.ztat.net/article/spp-media-p1/8a94903004b948fa9cc0d835e4a9ccce/a4b5da885ad54fd29d245c5ef26fe4f1.jpg?imwidth=156
8a10cfbf-a2c0-4711-bce6-6236f316e057,https://img01.ztat.net/article/spp-media-p1/d46d22bf1cd8326e831ea8c4aa0074ba/49bfb18b428f417fb10aa7720771c4ee.jpg?imwidth=156
29053576-5688-4063-b10d-b5a2d6128747,https://img01.ztat.net/article/spp-media-p1/ed2cfaa0ec2444dfbeb0696e36a74c29/59b3308360204e99ad0e5a99de43f9f3.jpg?imwidth=156
9ad06b7a-25e0-420f-931b-250e9282566c,https://img01.ztat.net/article/spp-media-p1/542bcaa49c204caeb5b99e204c894e2b/79d6e63b13f14f9c9f96c752fbf9720b.jpg?imwidth=156
ffb3e309-b37c-4969-a2c9-872afa170179,https://img01.ztat.net/article/spp-media-p1/93a159e5f73e4d8d9c7f68ad57f50b2f/6ade62eb932d458195559b11fe4e541f.jpg?imwidth=156
a91c05ad-263b-4209-88c4-832def517f65,https://img01.ztat.net/article/spp-media-p1/aaa13af88f1743b0bf1b1c0abfb8f996/5c8c571744654ad2b3ce60fb920f3873.jpg?imwidth=156
52f0d4d0-e29a-47b1-9414-a1e24e0f3826,https://img01.ztat.net/article/spp-media-p1/6c306ce101c7426690d5856cd26aac6c/7f1a3181720944dca38826495244a429.jpg?imwidth=156
3e329f9a-1c7c-4eb3-a7f4-6680aa417075,https://img01.ztat.net/article/spp-media-p1/593683e590f638ebb2d5297a823f08d4/222f0846dc0841cb944e544791f08660.jpg?imwidth=156
2cdee78a-16ef-4c43-a180-337820210f55,https://img01.ztat.net/article/spp-media-p1/12731e1ef2cd4deeaaff1d7ce1fc39f7/7b56e0eca82e474a9e56490399ea9e2f.jpg?imwidth=156&filter=packshot
faa2879c-d141-4b51-a1ad-ce4d2e4abff1,https://img01.ztat.net/article/spp-media-p1/ebd43d33a125482697a93a5b95af5744/a1b306add24c42fe90a7bd02863cacbd.jpg?imwidth=156&filter=packshot
7642fcc7-00ec-4f83-84ac-6c9fb71a1a68,https://img01.ztat.net/article/spp-media-p1/091354884602461c97badd0b62f81d29/5f2f524f750f4ad88086a8a6d36a7192.jpg?imwidth=156
06e7bd48-097e-40d2-88c1-6227645e3b95,https://img01.ztat.net/article/spp-media-p1/f983f5f2833c35fea6b3106bfa6f5d02/f18a4b832ca7473ba0140f13a64855c8.jpg?imwidth=156
ed723f02-e7fc-4e51-ab27-ca14fc047184,https://img01.ztat.net/article/spp-media-p1/df88a3a818a037c8a0ac2c1dde1ea520/0bbeb5338c26439aa11a757a577e3c77.jpg?imwidth=156
4477b22b-a815-422d-a77a-927d3e7cdb58,https://img01.ztat.net/article/spp-media-p1/760fb47104b036f2897f2a357a2ac36b/ded3d65edc984f68822c65b21c337a70.jpg?imwidth=156
96f04e89-9704-45d7-ab8f-9c000194fada,https://img01.ztat.net/article/spp-media-p1/8a884aa1ccac43a7ba02388535945ee1/def6d38c475648ca8c4164d842875bc0.jpg?imwidth=156
261b8731-6ed4-4b90-ba20-9d50233ddf43,https://img01.ztat.net/article/spp-media-p1/ae4ebcfcaf7e403b8940fcf11cf323d8/5ba9c864afbb4a85bd20f8abdd6b73da.jpg?imwidth=156
4a01bd32-491d-49b6-b3d0-c174c44d74f0,https://img01.ztat.net/article/spp-media-p1/b592f838d03f3eaf9803468801defce3/1591834726d74763bfab28223250eb90.jpg?imwidth=156
97def582-f737-413f-a507-ad6ac515fb44,https://img01.ztat.net/article/spp-media-p1/149fccaa4c1b36788b3487a88bfcb50a/00efb4db53e34a8e84ff252bd0e1f662.jpg?imwidth=156
0e693b93-a980-480b-9afe-863fda6267c9,https://img01.ztat.net/article/spp-media-p1/e2d6b8fe107647af999c27ac0ceec4e8/e4c1ef7cc29249a3bdb0e2529053fa86.jpg?imwidth=156&filter=packshot
5fea6e47-7979-435e-92f0-12c8729f04c4,https://img01.ztat.net/article/spp-media-p1/2d9bd253aeab4d92a242e7c83847d884/cd4f49888bed4b46ad32ae88062bd42d.jpg?imwidth=156
d2f713b4-e21b-4fd3-acfb-38e274522e47,https://img01.ztat.net/article/spp-media-p1/7fdd8c7bc8974c4fbc2092543b31ba84/c750aa8748e64ab5b083f06b50d46884.jpg?imwidth=156
17762169-48cb-4a1e-981b-0cebf534be36,https://img01.ztat.net/article/spp-media-p1/9c880f94f06b421c90b2da59cca125b2/fa0f49649db2485fb663fc54db0f5798.jpg?imwidth=156&filter=packshot
b68ae91d-5c8e-4954-93f5-d0be3680fb40,https://img01.ztat.net/article/spp-media-p1/b335c8feb1df34758237e851ef318064/d55d6f7db3e747bcaa738df11e68e143.jpg?imwidth=156
37524296-aae9-4ffb-a87b-39601f836d53,https://img01.ztat.net/article/spp-media-p1/945f98d3a41a3dd2817ad930e10e14ae/e3452637b1804b2da464a42843907ac6.jpg?imwidth=156
17a699ef-2470-42f4-804b-a548894a4f16,https://img01.ztat.net/article/spp-media-p1/c840e98648854e3ba4f8d41cd6888593/60a57f919ee247ed9b4d82d1d9e06760.jpg?imwidth=156
7b82f53b-336f-4db7-93ee-4949ceda35f1,https://img01.ztat.net/article/spp-media-p1/fd21f6cc08dc4570b4faced65bc33377/534e585156984dbcb25ddcd520b07435.jpg?imwidth=156
b6f2dc6d-796f-42a2-b7b2-d623809861ea,https://img01.ztat.net/article/spp-media-p1/0a7df483c40c47bbb7219801756f2a48/e72c6c7eb93640ca80d52aefc2ccca63.jpg?imwidth=156&filter=packshot
5860dffd-df7e-4fd8-a1e5-6865021a35aa,https://img01.ztat.net/article/spp-media-p1/46cf9ada18d93f6d9347446b08aae9c5/cb87ee41dd264c3294f2a08cc8cfd895.jpg?imwidth=156
417bf414-4ac8-439f-b4c1-0852ab418a02,https://img01.ztat.net/article/spp-media-p1/35a474eafc774a06a86a5d5bdd536366/7b59c76fcd634ec58b8d9a9aad6cd109.jpg?imwidth=156&filter=packshot
2e644b3d-5759-4ec3-85ee-4d0d13de89d1,https://img01.ztat.net/article/spp-media-p1/55d320efd3f4448d9e510fd14c798034/4fa2a0571cd244c88568d8060cc6366d.jpg?imwidth=156
48151706-c2ba-489e-889d-dae5e1f5a53f,https://img01.ztat.net/article/spp-media-p1/a685bc7d685c46eab6ddee8b6b7d660d/95c7682b7a324b318eee6e4c6b2a5a4c.jpg?imwidth=156
2b1ae316-7e41-47dc-a8bd-183883261556,https://img01.ztat.net/article/spp-media-p1/f9b86124a4d63d839a178a6ec06ee0ee/8e4b2e02df5e47518a521d432bec4158.jpg?imwidth=156
34ad26ae-2e19-4886-b24b-5fbe332648ed,https://img01.ztat.net/article/spp-media-p1/3fdff52240e84ac48c640a7b9df47fc9/b71706300d304d0388ea327b72a65bc4.jpg?imwidth=156&filter=packshot
54455221-d71f-43a6-b0a7-8730f60edb0e,https://img01.ztat.net/article/spp-media-p1/921b4bc4c6294220a8a3f9a39fb5dade/fef09c10c8404e0990c4c2f0507de596.jpg?imwidth=156&filter=packshot
842b7e32-a87e-4b7c-8ec1-bf8da4b489c4,https://img01.ztat.net/article/spp-media-p1/dba18779bd1a449d8682a78d37940cfa/890d8dcde1224a12a22dc20b15b2679a.jpg?imwidth=156
8e013d73-ba9a-4a33-bb9a-2130cc20dc7f,https://img01.ztat.net/article/spp-media-p1/78eb158a172941918b718e98eb94b669/b34868126ea1418ab553c02d959d8a99.jpg?imwidth=156
a287d87e-deb2-417a-9212-995d126965b8,https://img01.ztat.net/article/spp-media-p1/de8cea8c7ce24991a6c40ee41d2473dd/313df3cbf73b4eff8726332a16feb054.jpg?imwidth=156
438401a2-1290-4acf-b609-5904924b4359,https://img01.ztat.net/article/spp-media-p1/e4e0aa378ac3432597ae38b1b434e4c5/3feb8f04d0c34aec8b1150c62432f542.jpg?imwidth=156
55037f1a-675f-44c6-87f2-56d306f7f3f1,https://img01.ztat.net/article/spp-media-p1/79a7eb5b7df74a999d1d64e67bcf2c88/2e2e1606d0ad4c389763e5b75862c5cc.jpg?imwidth=156
85441bcb-b4d6-4774-9325-d737f4e70087,https://img01.ztat.net/article/spp-media-p1/61f35883c153472aa5ad9c7bd2407c8b/d7c11c182a92451089a647a253bc2d31.jpg?imwidth=156
4f96bf80-1892-4c9b-9c2c-e9334866ffad,https://img01.ztat.net/article/spp-media-p1/c088b15239c844e1ba4749d9caaacdf2/dd7556d57d1c4c3ca37db1f31349b99d.jpg?imwidth=156
f645a2d5-6b95-4ed9-bfc4-d37a85bbc531,https://img01.ztat.net/article/spp-media-p1/615c1558c532307f849bf6854995e51b/dbe61b9e87e542098d1c760bc6bb30f4.jpg?imwidth=156
9d06eb30-2c07-4f65-b9cb-93d881031ca0,https://img01.ztat.net/article/spp-media-p1/0faf30f31eb63ed19821e1c7d4967450/6dbf6f613a3847998515c660ac6e4ec3.jpg?imwidth=156
f188c3a7-d6c8-4f8e-badb-9136f2f79279,https://img01.ztat.net/article/spp-media-p1/d787dc1ca887401785521f6e998cc16f/ebf25cfefbc04841897cd0f22b07a710.jpg?imwidth=156
cb7594b8-a734-4608-81f2-3812b95ee2bb,https://img01.ztat.net/article/spp-media-p1/360709a9196f4e78ae37ee3cf5ef3413/a267506a846c4c4d8447001f2b60b667.jpg?imwidth=156
9c3d1a28-b90d-4b84-add7-16495e4ba7d9,https://img01.ztat.net/article/spp-media-p1/5d25ec7495af4712818e51b2d42d7171/a2d3be62fad24ba79fcf31971b0a49a7.jpg?imwidth=156
b596f8e8-8216-4567-89ce-084b8e996663,https://img01.ztat.net/article/spp-media-p1/84323c60ea92418aa2bacc71a2c47c9d/2a1cb396ad5b4609b685031cbae96f08.jpg?imwidth=156
67c8c3d9-5be5-49bb-92cd-99ba706698da,https://img01.ztat.net/article/spp-media-p1/66269ee8c01f4c1982c1d36c1596dfec/7c7ba78fe7954e1385f114df97b09c55.jpg?imwidth=156
7c95908b-b75f-4b27-a0d7-0c83c234505d,https://img01.ztat.net/article/spp-media-p1/38e3b194ebca419caa8fb6710fb00e47/f7ecffc1b3e5460a8177dfde4a2867f1.jpg?imwidth=156
3c5f3d66-f36a-43e9-8db5-6835e2765256,https://img01.ztat.net/article/spp-media-p1/512b462c509b44c1ad5389825c979352/214da19777f24ef1a46bfe42a72267c5.jpg?imwidth=156
24a24481-b74d-4296-9fc9-f14857310c7b,https://img01.ztat.net/article/spp-media-p1/ad909ebad1fb4a119e6e6552e4b67271/6e3103943dca4f25acb92a3bfdcebf5f.jpg?imwidth=156&filter=packshot
dbbfa678-38c4-4fce-8b34-ab297dbf8964,https://img01.ztat.net/article/spp-media-p1/31f885e0de9c44059405a0b94386526b/32de59fee8994a2faa765ff0b1f3e6e2.jpg?imwidth=156
b882b98e-3c73-46f0-9350-addbbc135a31,https://img01.ztat.net/article/spp-media-p1/7bc82a06da4b4ddb9c63187882b357c6/f8f9c830d4b245a5ab913f0702b6dddf.jpg?imwidth=156
ea031bd5-a459-49d0-81bf-1b30407fdb64,https://img01.ztat.net/article/spp-media-p1/9bb8d16faed040e4bf881b2bce0c8b19/e0f97ec87df4483e8eb9d37779082d8b.jpg?imwidth=156
0d447a2a-9c32-4bcd-8f01-9b275cc48d72,https://img01.ztat.net/article/spp-media-p1/6fd00dda549a4887b12958bad3a978dc/28e183e63d0443b1be252e67fbfc4486.jpg?imwidth=156&filter=packshot
9eaf3ed9-cc10-477a-b1ee-103e77d35767,https://img01.ztat.net/article/spp-media-p1/fa848a9e88e74b099207500cd85bcc79/4efa3b4d54624f949319b4c3f6566c37.jpg?imwidth=156
ba84f62d-8619-4e48-9fa4-31c939778682,https://img01.ztat.net/article/spp-media-p1/920e74b93c62411dbc9dc1c462666852/87d0ebd2bf1e462ab9bfd09facdb4a1c.jpg?imwidth=156
4856418b-161c-465a-a2be-57bf5a5ee6ef,https://img01.ztat.net/article/spp-media-p1/04252be1db273d50b632ecb3bdc7fe89/f214597e58d7445dbfcb67d90fdd8f10.jpg?imwidth=156
23c01df6-3349-4f47-844e-ff3cfe8e00bc,https://img01.ztat.net/article/spp-media-p1/28d454019d94461caff2687a0bb7ea49/12bf32e5fdd64223961f667d3a4eeda8.jpg?imwidth=156
c1280d88-7b8f-46a3-9e33-aca6b650a6b2,https://img01.ztat.net/article/spp-media-p1/d4cb96ca2c5039859597f351f4b985d1/94f708945e1b4d97886b8f21fc0839d0.jpg?imwidth=156
71af200e-7ae0-4696-a68d-69e884a47358,https://img01.ztat.net/article/spp-media-p1/e7a499950c7d42fcba09f891dedd2021/f343b9f62e254e8d87904a1aa3f75b7b.jpg?imwidth=156
8572d07e-8836-4d8c-8a48-d996866a3da5,https://img01.ztat.net/article/spp-media-p1/4e3c1b24bf1a48739b18372e80675afd/f9fb077cb8784e3d9c7a9fe47561265f.jpg?imwidth=156&filter=packshot
4f3297ab-4eb3-48c5-8aee-c79aa034bc5b,https://img01.ztat.net/article/spp-media-p1/2b08ce977377462b94c1120171d8bb14/06aa9e114aed427c86d5133715e0d205.jpg?imwidth=156
9d4eeec6-c878-402e-a303-47e86ee840a7,https://img01.ztat.net/article/spp-media-p1/1f9d3604aed34fcfb550fb93ac3387a7/dcba1de179ef4cd49a016808b76d5380.jpg?imwidth=156
0a2db346-c102-4d57-ac24-db2275d3d099,https://img01.ztat.net/article/spp-media-p1/26075e92b404496abbc1290c7f439b43/0f1d012b23584c14a44fe8481d5d2757.jpg?imwidth=156&filter=packshot
f0e70726-d193-4074-a573-0a911a4acafc,https://img01.ztat.net/article/spp-media-p1/f64478a9ee0731d493c8b7f920310cbb/2bc0f7cdc81049e9868cc212c45a34f9.jpg?imwidth=156
a9e38f8f-4878-42c7-ae90-7c3708b9db15,https://img01.ztat.net/article/spp-media-p1/13a8e0c11112369a9fbb2c212fc54dc3/bd038a48a3d84d26b98e96e498bbbecf.jpg?imwidth=156&filter=packshot
a09a9cbd-c084-46e0-9285-0db029506f2e,https://img01.ztat.net/article/spp-media-p1/6ea683fa46934652b32bb37e5f38d570/8cd5c9e3dcb74689ae6ed46c1cc0dbbc.jpg?imwidth=156&filter=packshot
d7fc14f9-8077-4c74-88e2-9e38329136a7,https://img01.ztat.net/article/spp-media-p1/7f5b1c266fea4a8f955ea687115444f9/be73b4f129634aa9ba829381c3feac7d.jpg?imwidth=156
c1fb3b54-07f7-4625-a3c2-83115723d7ad,https://img01.ztat.net/article/spp-media-p1/4d4b68a3edaa38c0b953a716933d5a0a/4b430c0eaedc42c6b51dc163d688b9b1.jpg?imwidth=156
791d6ac3-2250-4dcd-a0a4-fe510347d172,https://img01.ztat.net/article/spp-media-p1/c6681fde24763fd5a1441a0371696be6/45594bea7f884e4690460b7b82bc5fea.jpg?imwidth=156
8145a420-d9c1-4302-aacf-b47900ce9382,https://img01.ztat.net/article/spp-media-p1/1a66c8f30cc94a4790010b5e192a1f6f/2dd9e7c291ef484da536bd9b12cbb9dd.jpg?imwidth=156
113f51f6-8619-49b4-b876-69dc4c7c538a,https://img01.ztat.net/article/spp-media-p1/2a394600dd3c4e62a8d349fc79540fae/09ced25c44004ac39b69a29de91622e7.jpg?imwidth=156
8210b9b5-3b85-434a-bcc0-907f2d689330,https://img01.ztat.net/article/spp-media-p1/442088b70a254e18bd30ea107a457fc5/20b6d2b47342402a8933179db6f3aef1.jpg?imwidth=156
b72f95b1-68bb-4bf4-8b34-98c9bfaaa4dc,https://img01.ztat.net/article/spp-media-p1/e876118310364ba9a15f1b0e77efc699/33fab2d8432e4631a0a64a8953d202a7.jpg?imwidth=156
abf52300-0b30-4376-9efa-337a7d22fcde,https://img01.ztat.net/article/spp-media-p1/65baca2cd25d4f9c8ffac4563057f8eb/7fd400e13f2d4f48bffeeaf3226bf669.jpg?imwidth=156
76ac1ab6-d870-4059-ac4a-d48e92c82f2d,https://img01.ztat.net/article/spp-media-p1/5c27b013994e43e5972b3e693ca50af0/0e189f803da543b78afcd76273eb23b3.jpg?imwidth=156&filter=packshot
6867b649-3345-4686-82e0-3988a8359b19,https://img01.ztat.net/article/spp-media-p1/7f4ae0c46f7440c88e420e92b7fec4d8/c2a12ce6fba74298b90a382453b58035.jpg?imwidth=156
684c4068-5dd1-447c-8d8e-90b2a622fa18,https://img01.ztat.net/article/spp-media-p1/d0cd7ce4eae64ad1b48f10ae9da267e4/76f78dc0165a4f7e9ea64d7be0244d93.jpg?imwidth=156
a294e914-184b-433f-b2f3-ee67ec387168,https://img01.ztat.net/article/spp-media-p1/6b10df86093d4c3283de2154864d7ed6/223606cfb39644c3af1f19a942176dbc.jpg?imwidth=156&filter=packshot
5758e779-98cf-4307-9b3a-152662e23ce3,https://img01.ztat.net/article/spp-media-p1/43836e5bc7a2452db785e6c70adb4136/e9eb4892254645bcae5a890937426096.jpg?imwidth=156
9cf70207-3da7-4de2-b6a7-cc77697d3be4,https://img01.ztat.net/article/spp-media-p1/7347460de66f4fff8273d497cf7ab34a/57d30aa495404a23b383f7d2dcb1c621.jpg?imwidth=156
8678ca23-e788-4ab8-b373-687c5b3a37d5,https://img01.ztat.net/article/spp-media-p1/a2e3c0b29e8142b99ef140257b42df5c/4e64ec518fcd42a3baf17c8024c5a735.jpg?imwidth=156
5d8ca1ec-6478-45c0-9c53-a1b0c3cc987c,https://img01.ztat.net/article/spp-media-p1/8dba208079a04807b6aa9b3eaa54b4d2/77000fd7ace444fcab7808345bdcdbaf.jpg?imwidth=156
0ab94661-a81d-454b-8c17-f7a59879b251,https://img01.ztat.net/article/spp-media-p1/360709a9196f4e78ae37ee3cf5ef3413/a267506a846c4c4d8447001f2b60b667.jpg?imwidth=156
48ff0eb4-190a-4014-927f-160fac1a8be6,https://img01.ztat.net/article/spp-media-p1/5d25ec7495af4712818e51b2d42d7171/a2d3be62fad24ba79fcf31971b0a49a7.jpg?imwidth=156
86319887-839f-42c2-8e15-8e9beca14c57,https://img01.ztat.net/article/spp-media-p1/84323c60ea92418aa2bacc71a2c47c9d/2a1cb396ad5b4609b685031cbae96f08.jpg?imwidth=156
eb4de254-9a93-48e2-b3a2-07f8cb8f9c0b,https://img01.ztat.net/article/spp-media-p1/66269ee8c01f4c1982c1d36c1596dfec/7c7ba78fe7954e1385f114df97b09c55.jpg?imwidth=156
1da12a3a-7360-4e6c-b42c-1a5ed6dbbf55,https://img01.ztat.net/article/spp-media-p1/38e3b194ebca419caa8fb6710fb00e47/f7ecffc1b3e5460a8177dfde4a2867f1.jpg?imwidth=156
fbe21527-880a-49b7-a2f2-890b4dcd8b2d,https://img01.ztat.net/article/spp-media-p1/512b462c509b44c1ad5389825c979352/214da19777f24ef1a46bfe42a72267c5.jpg?imwidth=156
b14cc9c8-6112-4840-bb24-d5f266cff042,https://img01.ztat.net/article/spp-media-p1/70ce67293f6e3ee5ab4ad4111b2b0e56/896ebdc7c57e470a969967262e618eae.jpg?imwidth=156
32d092d4-935c-4308-8404-a8c8b4988b46,https://img01.ztat.net/article/spp-media-p1/a2290348ec0633c2a38cb66abd05ff10/dcf49cfcc91b42b7a5144910e60c1e22.jpg?imwidth=156
16aa5553-6b78-4dbb-a57c-59747a056d74,https://img01.ztat.net/article/spp-media-p1/a03a954905e446cfa104078043091aba/f066b7de8b894a39b193c8238429392d.jpg?imwidth=156
41b14494-4f91-4a1e-9d90-6ca8b1658fdc,https://img01.ztat.net/article/spp-media-p1/1cb8eabcadf84405af9791d8466c0f09/63c90cb83e99445aa3156dd9be138819.jpg?imwidth=156&filter=packshot
5ed8fd50-371c-4518-88a3-8d0f241ae675,https://img01.ztat.net/article/spp-media-p1/d7e160ef95934fbbb8c1bcd32221d0d4/c08948cb41d3490da866ca01db5b5b1e.jpg?imwidth=156
8ebf9f85-44df-4650-b518-39b69ed88f6f,https://img01.ztat.net/article/spp-media-p1/9173cc60f0b43d579706cbad5e54f70b/305e793884eb44cb8cddd53d88991e47.jpg?imwidth=156
ed393c4b-b598-4190-af77-20f44a406122,https://img01.ztat.net/article/spp-media-p1/7a2724cd99f34b4ebb080a6d97debb91/72c0a045083142c29eadcc8f971f7440.jpg?imwidth=156
e01d85a5-bcda-4ef2-9d4b-fc550741fe49,https://img01.ztat.net/article/spp-media-p1/08aa65b770dd4b24be793d27b3689846/87b613b3294d4d6aa4718c14d5ae32b6.jpg?imwidth=156&filter=packshot
068008ba-f585-4d6c-ba16-ea74184076ae,https://img01.ztat.net/article/spp-media-p1/cfa585748d64360592115f0f1ae3ba3e/e83416550d0e48bc85dfb58084d6af11.jpg?imwidth=156
4c530b46-dcc7-4309-9d29-67948838377c,https://img01.ztat.net/article/spp-media-p1/5101d3eb502e4db9a418282bd05e1e66/d2110f2167e0443c8fdb75a153d2aa92.jpg?imwidth=156&filter=packshot
dc2e58d0-bd05-4c44-9705-6f5c0bf202c6,https://img01.ztat.net/article/spp-media-p1/b0fecb811c2e4835babcb9ddf5418835/ce53d6d3950c4e9f908e35a660af2b67.jpg?imwidth=156
c6b9b18d-2aab-4d2e-aa2b-826f5fe35b16,https://img01.ztat.net/article/spp-media-p1/ff8f228e34314b7fac8cf50fa26d252c/554dde113d6f4e5b86926f2259b8f0f2.jpg?imwidth=156
513baa1a-7b35-4f13-aa67-64c014bcccde,https://img01.ztat.net/article/spp-media-p1/76ae9d96920f4934b3121c1ac6522939/faa87a34ee9e462799ce21edacacb86b.jpg?imwidth=156
49e92837-2658-43ee-916b-2e35ac1169af,https://img01.ztat.net/article/spp-media-p1/093607a35cb1424d9d886def12b46446/61a12ac9b8ef431e87775014114d906d.jpg?imwidth=156&filter=packshot
f19f7a34-085e-4a7e-a68d-d579d8affe9b,https://img01.ztat.net/article/spp-media-p1/b33f5fb5071d43c2b07ddf1fc3764932/32ecef01fbde451eb4c302b9a8f893ce.jpg?imwidth=156
4040dde6-b480-416b-8b36-766e5961d977,https://img01.ztat.net/article/spp-media-p1/161d042824bd45f69791278414429390/5a86d6b3a0cc485b9c8d27e4bfc13503.jpg?imwidth=156&filter=packshot
4164db1b-179b-408c-9736-dbe57707a83b,https://img01.ztat.net/article/spp-media-p1/b266487165fc4fb998ad1c163cc34deb/75f6d1212c3d4ef8a95c018addc2f6fa.jpg?imwidth=156&filter=packshot
294ae3fe-4d87-45c8-b4f5-bf971d24ea37,https://img01.ztat.net/article/spp-media-p1/7d944f36fa1f47439228d04956bf1882/76fb599774054e258ef63dd286093e5d.jpg?imwidth=156
