Wehkamp_Image_ID,Wehkamp_IMG
70acd26a-09f7-48f1-a7d4-baad84b07eba,https://images.wehkamp.nl/i/wehkamp/17093221_eb_01/superdry-trui-raven-black-heather-zwart-5057847624604.jpg?w=1024&h=1536&qlt=75&fit=contain
e2ffb162-df29-4ed6-9b0f-fdc8b53821b1,https://images.wehkamp.nl/i/wehkamp/17093217_eb_03/superdry-gemeleerde-trui-tidal-blue-heather-donkerblauw-5059726144708.jpg?w=1024&h=1536&qlt=75&fit=contain
69f67598-acf2-478a-aea6-a8b5271007a4,https://images.wehkamp.nl/i/wehkamp/16967684_eb_04/pme-legend-trui-buckley-8039-beluga-bruin-8719419945308.jpg?w=1024&h=1024&qlt=75&fit=contain
f6997fd1-3313-49fa-a65b-f460fb68ead8,https://images.wehkamp.nl/i/wehkamp/16818179_eb_07/we-fashion-trui-soft-beige-ecru-8720262462195.jpg?w=1024&h=1536&qlt=75&fit=contain
426fa1ff-6939-48e2-a45d-58c799d594d5,https://images.wehkamp.nl/i/wehkamp/16967682_eb_04/pme-legend-trui-buckley-999-black-zwart-8719419945247.jpg?w=1024&h=1024&qlt=75&fit=contain
8e3b127b-1ffd-4a77-9eae-5d01338401cb,https://images.wehkamp.nl/i/wehkamp/16348296_eb_03/we-fashion-trui-van-katoenmix-black-uni-zwart-8719508958417.jpg?w=1024&h=1536&qlt=75&fit=contain
86d0c29f-f06b-430e-a3ec-840f9546e24f,https://images.wehkamp.nl/i/wehkamp/16818181_mb_01/we-fashion-trui-royal-army-donkergroen-8720262462133.jpg?w=1024&h=1536&qlt=75&fit=contain
c7cf5611-bd7e-42cb-8c1b-e227beaae7a5,https://images.wehkamp.nl/i/wehkamp/16967680_eb_04/pme-legend-trui-buckley-5073-sky-captain-donkerblauw-8719419945186.jpg?w=1024&h=1024&qlt=75&fit=contain
5d324762-6949-4665-a5bf-3c9cedca8279,https://images.wehkamp.nl/i/wehkamp/17083067_pb_01/s-oliver-trui-grijsblauw-grijsblauw-4099971598933.jpg?w=1024&h=1536&qlt=75&fit=contain
dd080bb3-15fe-4ff3-b78e-cb1dbffc4c14,https://images.wehkamp.nl/i/wehkamp/16803800_eb_08/s-oliver-fijngebreide-trui-d-grijs-grijs-4065208487196.jpg?w=1024&h=1536&qlt=75&fit=contain
e512f9c7-ea14-412c-8d3d-da3eae3b7ff1,https://images.wehkamp.nl/i/wehkamp/17083053_pb_01/s-oliver-trui-kaki-groen-kaki-4099971598759.jpg?w=1024&h=1536&qlt=75&fit=contain
ddfe1329-b9a8-48bd-975d-00fefd86c691,https://images.wehkamp.nl/i/wehkamp/16571180_eb_07/s-oliver-fijngebreide-trui-zwart-zwart-4063613297454.jpg?w=1024&h=1536&qlt=75&fit=contain
4cae58e3-6886-40b6-8c75-543f434964f0,https://images.wehkamp.nl/i/wehkamp/17093096_eb_04/superdry-trui-grey-grijs-5057847624420.jpg?w=1024&h=1536&qlt=75&fit=contain
3fbb74f2-ed46-4e1e-af17-a7fe942ba275,https://images.wehkamp.nl/i/wehkamp/16803508_eb_07/q-s-by-s-oliver-fijngebreide-trui-petrol-petrol-4061936815508.jpg?w=1024&h=1536&qlt=75&fit=contain
913c7e70-3daf-4c63-b295-4743c2c9267c,https://images.wehkamp.nl/i/wehkamp/17083047_pb_01/s-oliver-trui-roze-roze-4099971598872.jpg?w=1024&h=1536&qlt=75&fit=contain
71313793-8cfc-44fc-831f-88461f38043c,https://images.wehkamp.nl/i/wehkamp/16803490_eb_07/q-s-by-s-oliver-fijngebreide-trui-donkerblauw-donkerblauw-4061936815447.jpg?w=1024&h=1536&qlt=75&fit=contain
22571835-fd65-461e-a462-4ea092c48a81,https://images.wehkamp.nl/i/wehkamp/16571175_eb_04/s-oliver-fijngebreide-trui-marine-marine-4063613297874.jpg?w=1024&h=1536&qlt=75&fit=contain
972262e4-cddf-4bf3-b781-27f6e3cb1f02,https://images.wehkamp.nl/i/wehkamp/17062732_eb_05/s-oliver-gemeleerde-trui-blauw-blauw-4099584674406.jpg?w=1024&h=1536&qlt=75&fit=contain
b6e88de7-791c-4b0b-a82c-974b38c9b910,https://images.wehkamp.nl/i/wehkamp/16803526_mb_01/q-s-by-s-oliver-fijngebreide-trui-bruin-bruin-4061936815560.jpg?w=1024&h=1536&qlt=75&fit=contain
0e007ede-5991-41d4-9121-909402d43ec4,https://images.wehkamp.nl/i/wehkamp/17083065_pb_01/s-oliver-trui-roze-roze-4099971598513.jpg?w=1024&h=1536&qlt=75&fit=contain
f0e231d7-4681-4c0f-907f-45482a77aeaf,https://images.wehkamp.nl/i/wehkamp/17083068_pb_01/s-oliver-trui-blauw-blauw-4099971598698.jpg?w=1024&h=1536&qlt=75&fit=contain
dd44fd3c-b752-4ae1-bbfd-66c2150ae031,https://images.wehkamp.nl/i/wehkamp/17062710_eb_05/s-oliver-gemeleerde-trui-lichtblauw-lichtblauw-4099584674345.jpg?w=1024&h=1536&qlt=75&fit=contain
50dcb6c0-1458-4a14-9152-ee2aa54d8db0,https://images.wehkamp.nl/i/wehkamp/16955537_eb_06/selected-homme-gemeleerde-fijngebreide-schipperstrui-slhberg-navy-blazer-donkerblauw-5714911386034.jpg?w=1024&h=1536&qlt=75&fit=contain
e85bacd0-5d83-47cf-b4d5-28888294119f,https://images.wehkamp.nl/i/wehkamp/16564546_eb_03/jack-jones-essentials-trui-jjebasic-zwart-zwart-5713736480644.jpg?w=1024&h=1536&qlt=75&fit=contain
137b91bf-9ab1-408b-b2ab-07f9fd404b0f,https://images.wehkamp.nl/i/wehkamp/16803799_eb_06/s-oliver-fijngebreide-trui-donkergroen-donkergroen-4065208487134.jpg?w=1024&h=1536&qlt=75&fit=contain
dc338e65-57da-4c20-82f2-ec85ff652eb5,https://images.wehkamp.nl/i/wehkamp/16803796_eb_06/s-oliver-fijngebreide-trui-donkergrijs-grijs-4065208487318.jpg?w=1024&h=1536&qlt=75&fit=contain
a7110154-0e88-4668-bf90-8f25230ed875,https://images.wehkamp.nl/i/wehkamp/16803543_eb_04/q-s-by-s-oliver-fijngebreide-trui-grijs-grijs-4061936815621.jpg?w=1024&h=1536&qlt=75&fit=contain
d84aa1d7-2c23-4e9d-bc7e-f80c9cccd0ba,https://images.wehkamp.nl/i/wehkamp/17029957_mb_03/pme-legend-trui-met-textuur-8177-henna-rood-8720672110044.jpg?w=1024&h=1536&qlt=75&fit=contain
e35bbda8-4178-42f9-8db2-21a861909732,https://images.wehkamp.nl/i/wehkamp/17083072_pb_01/s-oliver-trui-grijsblauw-grijsblauw-4099971598575.jpg?w=1024&h=1536&qlt=75&fit=contain
8ba8d0df-3441-4bde-bf1e-7d627e11916d,https://images.wehkamp.nl/i/wehkamp/16803795_eb_01/s-oliver-fijngebreide-trui-donkergroen-donkergroen-4065208487257.jpg?w=1024&h=1536&qlt=75&fit=contain
56165426-8105-49e5-84c5-aec8c78df97c,https://images.wehkamp.nl/i/wehkamp/16571171_eb_05/s-oliver-fijngebreide-trui-lichtgrijs-lichtgrijs-4063613472806.jpg?w=1024&h=1536&qlt=75&fit=contain
9022b7fd-3ca5-442d-bcba-0b7779e22bfe,https://images.wehkamp.nl/i/wehkamp/16955424_eb_07/selected-homme-gemeleerde-fijngebreide-schipperstrui-slhberg-antraciet-antraciet-5714911385709.jpg?w=1024&h=1536&qlt=75&fit=contain
27449bf6-d74b-4595-b882-5dc711c294a9,https://images.wehkamp.nl/i/wehkamp/16806088_eb_04/america-today-gestreepte-trui-keith-navy-ecru-blauw-8720513061184.jpg?w=1024&h=1536&qlt=75&fit=contain
4e150bb3-a2d0-47e3-ac98-c2daeb378219,https://images.wehkamp.nl/i/wehkamp/17035789_eb_03/s-oliver-big-size-fijngebreide-trui-plus-size-marine-marine-4099582430295.jpg?w=1024&h=1536&qlt=75&fit=contain
1f842a47-7d0f-4834-b19b-23457fc27124,https://images.wehkamp.nl/i/wehkamp/17088720_pb_01/only-sons-trui-onspanter-camellia-koraalrood-5715416271214.jpg?w=1024&h=1536&qlt=75&fit=contain
037cdac0-bb06-4643-a5b1-933eb2281e75,https://images.wehkamp.nl/i/wehkamp/17077512_eb_05/we-fashion-trui-castle-blue-paars-8720715104238.jpg?w=1024&h=1536&qlt=75&fit=contain
9f0b84f1-269f-4a0c-ad04-9fed847553cd,https://images.wehkamp.nl/i/wehkamp/16962735_pb_01/jack-jones-plus-size-gemeleerde-trui-jjeemil-plus-size-dark-grey-melange-grijs-5715307452203.jpg?w=1024&h=1536&qlt=75&fit=contain
78bec5d1-7a70-4439-aa10-0b1e0119d352,https://images.wehkamp.nl/i/wehkamp/16571178_eb_07/s-oliver-fijngebreide-trui-grijs-grijs-4063613297751.jpg?w=1024&h=1536&qlt=75&fit=contain
8bce0ce0-e97f-4d35-9e91-2bdf3b44bfe9,https://images.wehkamp.nl/i/wehkamp/17062514_eb_04/we-fashion-trui-bay-blue-groen-8720715154172.jpg?w=1024&h=1536&qlt=75&fit=contain
bd3d123f-0f8e-4f9c-baa7-6ea73bc23d5a,https://images.wehkamp.nl/i/wehkamp/16528147_eb_02/we-fashion-fundamentals-fijngebreide-trui-black-uni-zwart-8720262032046.jpg?w=1024&h=1536&qlt=75&fit=contain
f3a1ff62-077a-437b-8da8-f283b89c355e,https://images.wehkamp.nl/i/wehkamp/17042737_eb_07/tommy-jeans-sweater-met-logo-raz-brandons-stone-beige-8720642333855.jpg?w=1024&h=1536&qlt=75&fit=contain
3d3c9455-9b76-48d6-a971-057084dbaabe,https://images.wehkamp.nl/i/wehkamp/175854_eb_05/we-fashion-trui-blauw-8718741251910.jpg?w=1024&h=1024&qlt=75&fit=contain
12d84e28-fe0f-4bbb-886d-cd264f37bffc,https://images.wehkamp.nl/i/wehkamp/17078013_eb_05/s-oliver-pullover-lichtblauw-lichtblauw-4063617133147.jpg?w=1024&h=1536&qlt=75&fit=contain
fe21a040-7860-4656-8f75-d7730e40e3d2,https://images.wehkamp.nl/i/wehkamp/17045884_eb_05/s-oliver-fijngebreide-pullover-dark-denim-blauw-4063617133215.jpg?w=1024&h=1536&qlt=75&fit=contain
43f432b3-da80-4329-a537-b02895d8f3a7,https://images.wehkamp.nl/i/wehkamp/17090754_eb_04/jack-jones-essentials-trui-granite-green-lichtgroen-5715363183356.jpg?w=1024&h=1536&qlt=75&fit=contain
681845d0-6dbf-41b5-8e09-577fe997c554,https://images.wehkamp.nl/i/wehkamp/17039210_eb_06/shoeby-refill-gemeleerde-coltrui-offwhite-melange-ecru-8720101764695.jpg?w=1024&h=1536&qlt=75&fit=contain
5fc53b50-1b7d-44d9-a750-8b95203da9aa,https://images.wehkamp.nl/i/wehkamp/17093221_eb_01/superdry-trui-raven-black-heather-zwart-5057847624604.jpg?w=1024&h=1536&qlt=75&fit=contain
